ISO-10303-21;
HEADER;
/* Generated by software containing ST-Developer
 * from STEP Tools, Inc. (www.steptools.com) 
 */
/* OPTION: strings as raw bytes, not using required /X/ escapes */

FILE_DESCRIPTION(
/* description */ ('Unknown'),
/* implementation_level */ '2;1');

FILE_NAME(
/* name */ 'Transmotec-CAD-770',
/* time_stamp */ '2023-09-01T14:59:41+02:00',
/* author */ ('Unknown'),
/* organization */ ('Unknown'),
/* preprocessor_version */ 'ST-DEVELOPER v18.1',
/* originating_system */ 'Solid Edge',
/* authorisation */ 'Unknown');

FILE_SCHEMA (('AUTOMOTIVE_DESIGN {1 0 10303 214 3 1 1}'));
ENDSEC;

DATA;
#10=PROPERTY_DEFINITION_REPRESENTATION(#14,#12);
#11=PROPERTY_DEFINITION_REPRESENTATION(#15,#13);
#12=REPRESENTATION('',(#16),#2846);
#13=REPRESENTATION('',(#17),#2846);
#14=PROPERTY_DEFINITION('pmi validation property','',#2851);
#15=PROPERTY_DEFINITION('pmi validation property','',#2851);
#16=VALUE_REPRESENTATION_ITEM('number of annotations',COUNT_MEASURE(0.));
#17=VALUE_REPRESENTATION_ITEM('number of views',COUNT_MEASURE(0.));
#18=SHAPE_REPRESENTATION_RELATIONSHIP('','',#1857,#19);
#19=ADVANCED_BREP_SHAPE_REPRESENTATION('',(#1855),#2846);
#20=TOROIDAL_SURFACE('',#1959,8.05,0.7);
#21=TOROIDAL_SURFACE('',#2008,1.5,1.);
#22=TOROIDAL_SURFACE('',#2009,20.2,1.);
#23=PLANE('',#1861);
#24=PLANE('',#1865);
#25=PLANE('',#1867);
#26=PLANE('',#1870);
#27=PLANE('',#1874);
#28=PLANE('',#1876);
#29=PLANE('',#1879);
#30=PLANE('',#1883);
#31=PLANE('',#1885);
#32=PLANE('',#1901);
#33=PLANE('',#1914);
#34=PLANE('',#1915);
#35=PLANE('',#1929);
#36=PLANE('',#1934);
#37=PLANE('',#1938);
#38=PLANE('',#1939);
#39=PLANE('',#1944);
#40=PLANE('',#1954);
#41=PLANE('',#1958);
#42=PLANE('',#1960);
#43=PLANE('',#1963);
#44=PLANE('',#1974);
#45=PLANE('',#1983);
#46=PLANE('',#1986);
#47=PLANE('',#1989);
#48=PLANE('',#1990);
#49=PLANE('',#1991);
#50=PLANE('',#1992);
#51=PLANE('',#1993);
#52=PLANE('',#1994);
#53=PLANE('',#1995);
#54=PLANE('',#1996);
#55=PLANE('',#1997);
#56=PLANE('',#1999);
#57=PLANE('',#2000);
#58=PLANE('',#2002);
#59=PLANE('',#2004);
#60=PLANE('',#2005);
#61=PLANE('',#2006);
#62=PLANE('',#2007);
#63=PLANE('',#2010);
#64=PLANE('',#2011);
#65=PLANE('',#2014);
#66=CIRCLE('',#1860,3.);
#67=CIRCLE('',#1862,21.2);
#68=CIRCLE('',#1864,3.);
#69=CIRCLE('',#1866,21.2);
#70=CIRCLE('',#1869,3.);
#71=CIRCLE('',#1871,21.2);
#72=CIRCLE('',#1873,3.);
#73=CIRCLE('',#1875,21.2);
#74=CIRCLE('',#1878,3.);
#75=CIRCLE('',#1880,21.2);
#76=CIRCLE('',#1882,3.);
#77=CIRCLE('',#1884,21.2);
#78=CIRCLE('',#1887,1.);
#79=CIRCLE('',#1888,1.);
#80=CIRCLE('',#1890,2.);
#81=CIRCLE('',#1891,2.);
#82=CIRCLE('',#1893,13.6081482220594);
#83=CIRCLE('',#1894,13.6081482220594);
#84=CIRCLE('',#1896,2.);
#85=CIRCLE('',#1897,2.);
#86=CIRCLE('',#1899,17.6081482220594);
#87=CIRCLE('',#1900,17.6081482220594);
#88=CIRCLE('',#1903,2.);
#89=CIRCLE('',#1904,2.);
#90=CIRCLE('',#1906,17.6081482220594);
#91=CIRCLE('',#1907,17.6081482220594);
#92=CIRCLE('',#1909,2.);
#93=CIRCLE('',#1910,2.);
#94=CIRCLE('',#1912,13.6081482220594);
#95=CIRCLE('',#1913,13.6081482220594);
#96=CIRCLE('',#1916,1.25);
#97=CIRCLE('',#1917,20.2);
#98=CIRCLE('',#1918,2.);
#99=CIRCLE('',#1919,17.6081482220594);
#100=CIRCLE('',#1920,2.);
#101=CIRCLE('',#1921,13.6081482220594);
#102=CIRCLE('',#1922,1.621);
#103=CIRCLE('',#1923,1.621);
#104=CIRCLE('',#1924,8.75);
#105=CIRCLE('',#1925,13.6081482220594);
#106=CIRCLE('',#1926,2.);
#107=CIRCLE('',#1927,17.6081482220594);
#108=CIRCLE('',#1928,2.);
#109=CIRCLE('',#1930,8.75);
#110=CIRCLE('',#1931,21.2);
#111=CIRCLE('',#1933,8.75);
#112=CIRCLE('',#1935,2.5);
#113=CIRCLE('',#1937,2.5);
#114=CIRCLE('',#1940,1.5);
#115=CIRCLE('',#1942,2.5);
#116=CIRCLE('',#1943,2.5);
#117=CIRCLE('',#1945,8.05);
#118=CIRCLE('',#1947,8.75);
#119=CIRCLE('',#1949,21.2);
#120=CIRCLE('',#1950,21.2);
#121=CIRCLE('',#1951,21.2);
#122=CIRCLE('',#1952,21.2);
#123=CIRCLE('',#1953,21.2);
#124=CIRCLE('',#1955,22.5);
#125=CIRCLE('',#1957,22.5);
#126=CIRCLE('',#1961,1.621);
#127=CIRCLE('',#1964,1.621);
#128=CIRCLE('',#1967,2.);
#129=CIRCLE('',#1969,13.6081482220594);
#130=CIRCLE('',#1971,2.);
#131=CIRCLE('',#1973,17.6081482220594);
#132=CIRCLE('',#1976,2.);
#133=CIRCLE('',#1978,17.6081482220594);
#134=CIRCLE('',#1980,2.);
#135=CIRCLE('',#1982,13.6081482220594);
#136=CIRCLE('',#1985,3.);
#137=CIRCLE('',#1988,3.);
#138=CIRCLE('',#1998,1.);
#139=CIRCLE('',#2001,1.);
#140=CIRCLE('',#2013,1.25);
#141=LINE('',#2426,#225);
#142=LINE('',#2430,#226);
#143=LINE('',#2434,#227);
#144=LINE('',#2436,#228);
#145=LINE('',#2448,#229);
#146=LINE('',#2453,#230);
#147=LINE('',#2467,#231);
#148=LINE('',#2471,#232);
#149=LINE('',#2475,#233);
#150=LINE('',#2477,#234);
#151=LINE('',#2489,#235);
#152=LINE('',#2494,#236);
#153=LINE('',#2508,#237);
#154=LINE('',#2512,#238);
#155=LINE('',#2516,#239);
#156=LINE('',#2518,#240);
#157=LINE('',#2530,#241);
#158=LINE('',#2535,#242);
#159=LINE('',#2546,#243);
#160=LINE('',#2550,#244);
#161=LINE('',#2554,#245);
#162=LINE('',#2560,#246);
#163=LINE('',#2571,#247);
#164=LINE('',#2575,#248);
#165=LINE('',#2581,#249);
#166=LINE('',#2587,#250);
#167=LINE('',#2620,#251);
#168=LINE('',#2623,#252);
#169=LINE('',#2625,#253);
#170=LINE('',#2627,#254);
#171=LINE('',#2628,#255);
#172=LINE('',#2631,#256);
#173=LINE('',#2633,#257);
#174=LINE('',#2635,#258);
#175=LINE('',#2670,#259);
#176=LINE('',#2674,#260);
#177=LINE('',#2700,#261);
#178=LINE('',#2702,#262);
#179=LINE('',#2706,#263);
#180=LINE('',#2708,#264);
#181=LINE('',#2712,#265);
#182=LINE('',#2713,#266);
#183=LINE('',#2724,#267);
#184=LINE('',#2728,#268);
#185=LINE('',#2730,#269);
#186=LINE('',#2734,#270);
#187=LINE('',#2741,#271);
#188=LINE('',#2745,#272);
#189=LINE('',#2749,#273);
#190=LINE('',#2753,#274);
#191=LINE('',#2758,#275);
#192=LINE('',#2762,#276);
#193=LINE('',#2764,#277);
#194=LINE('',#2766,#278);
#195=LINE('',#2768,#279);
#196=LINE('',#2772,#280);
#197=LINE('',#2775,#281);
#198=LINE('',#2777,#282);
#199=LINE('',#2779,#283);
#200=LINE('',#2781,#284);
#201=LINE('',#2783,#285);
#202=LINE('',#2785,#286);
#203=LINE('',#2787,#287);
#204=LINE('',#2789,#288);
#205=LINE('',#2791,#289);
#206=LINE('',#2793,#290);
#207=LINE('',#2796,#291);
#208=LINE('',#2797,#292);
#209=LINE('',#2799,#293);
#210=LINE('',#2800,#294);
#211=LINE('',#2802,#295);
#212=LINE('',#2804,#296);
#213=LINE('',#2806,#297);
#214=LINE('',#2810,#298);
#215=LINE('',#2812,#299);
#216=LINE('',#2814,#300);
#217=LINE('',#2816,#301);
#218=LINE('',#2818,#302);
#219=LINE('',#2820,#303);
#220=LINE('',#2824,#304);
#221=LINE('',#2827,#305);
#222=LINE('',#2828,#306);
#223=LINE('',#2830,#307);
#224=LINE('',#2831,#308);
#225=VECTOR('',#2019,1000.);
#226=VECTOR('',#2022,1000.);
#227=VECTOR('',#2027,1000.);
#228=VECTOR('',#2028,1000.);
#229=VECTOR('',#2031,1000.);
#230=VECTOR('',#2038,1000.);
#231=VECTOR('',#2043,1000.);
#232=VECTOR('',#2046,1000.);
#233=VECTOR('',#2051,1000.);
#234=VECTOR('',#2052,1000.);
#235=VECTOR('',#2055,1000.);
#236=VECTOR('',#2062,1000.);
#237=VECTOR('',#2067,1000.);
#238=VECTOR('',#2070,1000.);
#239=VECTOR('',#2075,1000.);
#240=VECTOR('',#2076,1000.);
#241=VECTOR('',#2079,1000.);
#242=VECTOR('',#2086,1000.);
#243=VECTOR('',#2099,1000.);
#244=VECTOR('',#2102,1000.);
#245=VECTOR('',#2107,1000.);
#246=VECTOR('',#2114,1000.);
#247=VECTOR('',#2129,1000.);
#248=VECTOR('',#2132,1000.);
#249=VECTOR('',#2139,1000.);
#250=VECTOR('',#2146,1000.);
#251=VECTOR('',#2185,1000.);
#252=VECTOR('',#2186,1000.);
#253=VECTOR('',#2187,1000.);
#254=VECTOR('',#2188,1000.);
#255=VECTOR('',#2189,1000.);
#256=VECTOR('',#2190,1000.);
#257=VECTOR('',#2191,1000.);
#258=VECTOR('',#2192,1000.);
#259=VECTOR('',#2235,1000.);
#260=VECTOR('',#2238,1000.);
#261=VECTOR('',#2245,1000.);
#262=VECTOR('',#2246,1000.);
#263=VECTOR('',#2251,1000.);
#264=VECTOR('',#2252,1000.);
#265=VECTOR('',#2257,1000.);
#266=VECTOR('',#2258,1000.);
#267=VECTOR('',#2275,1000.);
#268=VECTOR('',#2278,1000.);
#269=VECTOR('',#2281,1000.);
#270=VECTOR('',#2286,1000.);
#271=VECTOR('',#2297,1000.);
#272=VECTOR('',#2300,1000.);
#273=VECTOR('',#2305,1000.);
#274=VECTOR('',#2310,1000.);
#275=VECTOR('',#2319,1000.);
#276=VECTOR('',#2322,1000.);
#277=VECTOR('',#2325,1000.);
#278=VECTOR('',#2326,1000.);
#279=VECTOR('',#2329,1000.);
#280=VECTOR('',#2334,1000.);
#281=VECTOR('',#2339,1000.);
#282=VECTOR('',#2340,1000.);
#283=VECTOR('',#2341,1000.);
#284=VECTOR('',#2344,1000.);
#285=VECTOR('',#2345,1000.);
#286=VECTOR('',#2346,1000.);
#287=VECTOR('',#2347,1000.);
#288=VECTOR('',#2350,1000.);
#289=VECTOR('',#2351,1000.);
#290=VECTOR('',#2354,1000.);
#291=VECTOR('',#2355,1000.);
#292=VECTOR('',#2356,1000.);
#293=VECTOR('',#2359,1000.);
#294=VECTOR('',#2360,1000.);
#295=VECTOR('',#2363,1000.);
#296=VECTOR('',#2364,1000.);
#297=VECTOR('',#2365,1000.);
#298=VECTOR('',#2370,1000.);
#299=VECTOR('',#2371,1000.);
#300=VECTOR('',#2372,1000.);
#301=VECTOR('',#2373,1000.);
#302=VECTOR('',#2376,1000.);
#303=VECTOR('',#2377,1000.);
#304=VECTOR('',#2382,1000.);
#305=VECTOR('',#2383,1000.);
#306=VECTOR('',#2384,1000.);
#307=VECTOR('',#2387,1000.);
#308=VECTOR('',#2388,1000.);
#309=ORIENTED_EDGE('',*,*,#643,.T.);
#310=ORIENTED_EDGE('',*,*,#644,.F.);
#311=ORIENTED_EDGE('',*,*,#645,.F.);
#312=ORIENTED_EDGE('',*,*,#646,.T.);
#313=ORIENTED_EDGE('',*,*,#644,.T.);
#314=ORIENTED_EDGE('',*,*,#647,.T.);
#315=ORIENTED_EDGE('',*,*,#648,.F.);
#316=ORIENTED_EDGE('',*,*,#649,.F.);
#317=ORIENTED_EDGE('',*,*,#650,.T.);
#318=ORIENTED_EDGE('',*,*,#651,.F.);
#319=ORIENTED_EDGE('',*,*,#652,.F.);
#320=ORIENTED_EDGE('',*,*,#648,.T.);
#321=ORIENTED_EDGE('',*,*,#651,.T.);
#322=ORIENTED_EDGE('',*,*,#653,.T.);
#323=ORIENTED_EDGE('',*,*,#646,.F.);
#324=ORIENTED_EDGE('',*,*,#654,.F.);
#325=ORIENTED_EDGE('',*,*,#645,.T.);
#326=ORIENTED_EDGE('',*,*,#649,.T.);
#327=ORIENTED_EDGE('',*,*,#652,.T.);
#328=ORIENTED_EDGE('',*,*,#654,.T.);
#329=ORIENTED_EDGE('',*,*,#655,.T.);
#330=ORIENTED_EDGE('',*,*,#656,.F.);
#331=ORIENTED_EDGE('',*,*,#657,.F.);
#332=ORIENTED_EDGE('',*,*,#658,.T.);
#333=ORIENTED_EDGE('',*,*,#656,.T.);
#334=ORIENTED_EDGE('',*,*,#659,.T.);
#335=ORIENTED_EDGE('',*,*,#660,.F.);
#336=ORIENTED_EDGE('',*,*,#661,.F.);
#337=ORIENTED_EDGE('',*,*,#662,.T.);
#338=ORIENTED_EDGE('',*,*,#663,.F.);
#339=ORIENTED_EDGE('',*,*,#664,.F.);
#340=ORIENTED_EDGE('',*,*,#660,.T.);
#341=ORIENTED_EDGE('',*,*,#663,.T.);
#342=ORIENTED_EDGE('',*,*,#665,.T.);
#343=ORIENTED_EDGE('',*,*,#658,.F.);
#344=ORIENTED_EDGE('',*,*,#666,.F.);
#345=ORIENTED_EDGE('',*,*,#657,.T.);
#346=ORIENTED_EDGE('',*,*,#661,.T.);
#347=ORIENTED_EDGE('',*,*,#664,.T.);
#348=ORIENTED_EDGE('',*,*,#666,.T.);
#349=ORIENTED_EDGE('',*,*,#667,.T.);
#350=ORIENTED_EDGE('',*,*,#668,.F.);
#351=ORIENTED_EDGE('',*,*,#669,.F.);
#352=ORIENTED_EDGE('',*,*,#670,.T.);
#353=ORIENTED_EDGE('',*,*,#668,.T.);
#354=ORIENTED_EDGE('',*,*,#671,.T.);
#355=ORIENTED_EDGE('',*,*,#672,.F.);
#356=ORIENTED_EDGE('',*,*,#673,.F.);
#357=ORIENTED_EDGE('',*,*,#674,.T.);
#358=ORIENTED_EDGE('',*,*,#675,.F.);
#359=ORIENTED_EDGE('',*,*,#676,.F.);
#360=ORIENTED_EDGE('',*,*,#672,.T.);
#361=ORIENTED_EDGE('',*,*,#675,.T.);
#362=ORIENTED_EDGE('',*,*,#677,.T.);
#363=ORIENTED_EDGE('',*,*,#670,.F.);
#364=ORIENTED_EDGE('',*,*,#678,.F.);
#365=ORIENTED_EDGE('',*,*,#669,.T.);
#366=ORIENTED_EDGE('',*,*,#673,.T.);
#367=ORIENTED_EDGE('',*,*,#676,.T.);
#368=ORIENTED_EDGE('',*,*,#678,.T.);
#369=ORIENTED_EDGE('',*,*,#679,.F.);
#370=ORIENTED_EDGE('',*,*,#680,.T.);
#371=ORIENTED_EDGE('',*,*,#681,.T.);
#372=ORIENTED_EDGE('',*,*,#682,.F.);
#373=ORIENTED_EDGE('',*,*,#683,.F.);
#374=ORIENTED_EDGE('',*,*,#684,.T.);
#375=ORIENTED_EDGE('',*,*,#685,.T.);
#376=ORIENTED_EDGE('',*,*,#686,.F.);
#377=ORIENTED_EDGE('',*,*,#687,.F.);
#378=ORIENTED_EDGE('',*,*,#682,.T.);
#379=ORIENTED_EDGE('',*,*,#688,.T.);
#380=ORIENTED_EDGE('',*,*,#689,.F.);
#381=ORIENTED_EDGE('',*,*,#690,.F.);
#382=ORIENTED_EDGE('',*,*,#686,.T.);
#383=ORIENTED_EDGE('',*,*,#691,.T.);
#384=ORIENTED_EDGE('',*,*,#684,.F.);
#385=ORIENTED_EDGE('',*,*,#692,.F.);
#386=ORIENTED_EDGE('',*,*,#689,.T.);
#387=ORIENTED_EDGE('',*,*,#683,.T.);
#388=ORIENTED_EDGE('',*,*,#687,.T.);
#389=ORIENTED_EDGE('',*,*,#690,.T.);
#390=ORIENTED_EDGE('',*,*,#692,.T.);
#391=ORIENTED_EDGE('',*,*,#693,.F.);
#392=ORIENTED_EDGE('',*,*,#694,.F.);
#393=ORIENTED_EDGE('',*,*,#695,.T.);
#394=ORIENTED_EDGE('',*,*,#696,.T.);
#395=ORIENTED_EDGE('',*,*,#697,.F.);
#396=ORIENTED_EDGE('',*,*,#696,.F.);
#397=ORIENTED_EDGE('',*,*,#698,.T.);
#398=ORIENTED_EDGE('',*,*,#699,.T.);
#399=ORIENTED_EDGE('',*,*,#700,.F.);
#400=ORIENTED_EDGE('',*,*,#699,.F.);
#401=ORIENTED_EDGE('',*,*,#701,.T.);
#402=ORIENTED_EDGE('',*,*,#702,.T.);
#403=ORIENTED_EDGE('',*,*,#703,.F.);
#404=ORIENTED_EDGE('',*,*,#702,.F.);
#405=ORIENTED_EDGE('',*,*,#704,.T.);
#406=ORIENTED_EDGE('',*,*,#694,.T.);
#407=ORIENTED_EDGE('',*,*,#695,.F.);
#408=ORIENTED_EDGE('',*,*,#704,.F.);
#409=ORIENTED_EDGE('',*,*,#701,.F.);
#410=ORIENTED_EDGE('',*,*,#698,.F.);
#411=ORIENTED_EDGE('',*,*,#705,.T.);
#412=ORIENTED_EDGE('',*,*,#706,.T.);
#413=ORIENTED_EDGE('',*,*,#703,.T.);
#414=ORIENTED_EDGE('',*,*,#693,.T.);
#415=ORIENTED_EDGE('',*,*,#697,.T.);
#416=ORIENTED_EDGE('',*,*,#700,.T.);
#417=ORIENTED_EDGE('',*,*,#681,.F.);
#418=ORIENTED_EDGE('',*,*,#691,.F.);
#419=ORIENTED_EDGE('',*,*,#688,.F.);
#420=ORIENTED_EDGE('',*,*,#685,.F.);
#421=ORIENTED_EDGE('',*,*,#707,.F.);
#422=ORIENTED_EDGE('',*,*,#708,.F.);
#423=ORIENTED_EDGE('',*,*,#709,.F.);
#424=ORIENTED_EDGE('',*,*,#710,.F.);
#425=ORIENTED_EDGE('',*,*,#711,.T.);
#426=ORIENTED_EDGE('',*,*,#712,.T.);
#427=ORIENTED_EDGE('',*,*,#713,.F.);
#428=ORIENTED_EDGE('',*,*,#714,.T.);
#429=ORIENTED_EDGE('',*,*,#715,.T.);
#430=ORIENTED_EDGE('',*,*,#716,.T.);
#431=ORIENTED_EDGE('',*,*,#717,.T.);
#432=ORIENTED_EDGE('',*,*,#718,.T.);
#433=ORIENTED_EDGE('',*,*,#719,.T.);
#434=ORIENTED_EDGE('',*,*,#720,.T.);
#435=ORIENTED_EDGE('',*,*,#721,.T.);
#436=ORIENTED_EDGE('',*,*,#722,.T.);
#437=ORIENTED_EDGE('',*,*,#723,.T.);
#438=ORIENTED_EDGE('',*,*,#724,.T.);
#439=ORIENTED_EDGE('',*,*,#725,.T.);
#440=ORIENTED_EDGE('',*,*,#726,.T.);
#441=ORIENTED_EDGE('',*,*,#727,.F.);
#442=ORIENTED_EDGE('',*,*,#728,.T.);
#443=ORIENTED_EDGE('',*,*,#726,.F.);
#444=ORIENTED_EDGE('',*,*,#729,.T.);
#445=ORIENTED_EDGE('',*,*,#728,.F.);
#446=ORIENTED_EDGE('',*,*,#730,.T.);
#447=ORIENTED_EDGE('',*,*,#729,.F.);
#448=ORIENTED_EDGE('',*,*,#730,.F.);
#449=ORIENTED_EDGE('',*,*,#731,.T.);
#450=ORIENTED_EDGE('',*,*,#732,.T.);
#451=ORIENTED_EDGE('',*,*,#733,.T.);
#452=ORIENTED_EDGE('',*,*,#734,.T.);
#453=ORIENTED_EDGE('',*,*,#733,.F.);
#454=ORIENTED_EDGE('',*,*,#735,.T.);
#455=ORIENTED_EDGE('',*,*,#713,.T.);
#456=ORIENTED_EDGE('',*,*,#736,.T.);
#457=ORIENTED_EDGE('',*,*,#737,.T.);
#458=ORIENTED_EDGE('',*,*,#738,.T.);
#459=ORIENTED_EDGE('',*,*,#739,.F.);
#460=ORIENTED_EDGE('',*,*,#740,.F.);
#461=ORIENTED_EDGE('',*,*,#653,.F.);
#462=ORIENTED_EDGE('',*,*,#650,.F.);
#463=ORIENTED_EDGE('',*,*,#647,.F.);
#464=ORIENTED_EDGE('',*,*,#643,.F.);
#465=ORIENTED_EDGE('',*,*,#665,.F.);
#466=ORIENTED_EDGE('',*,*,#662,.F.);
#467=ORIENTED_EDGE('',*,*,#659,.F.);
#468=ORIENTED_EDGE('',*,*,#655,.F.);
#469=ORIENTED_EDGE('',*,*,#677,.F.);
#470=ORIENTED_EDGE('',*,*,#674,.F.);
#471=ORIENTED_EDGE('',*,*,#671,.F.);
#472=ORIENTED_EDGE('',*,*,#667,.F.);
#473=ORIENTED_EDGE('',*,*,#741,.F.);
#474=ORIENTED_EDGE('',*,*,#742,.F.);
#475=ORIENTED_EDGE('',*,*,#743,.F.);
#476=ORIENTED_EDGE('',*,*,#744,.F.);
#477=ORIENTED_EDGE('',*,*,#727,.T.);
#478=ORIENTED_EDGE('',*,*,#745,.T.);
#479=ORIENTED_EDGE('',*,*,#737,.F.);
#480=ORIENTED_EDGE('',*,*,#746,.T.);
#481=ORIENTED_EDGE('',*,*,#747,.T.);
#482=ORIENTED_EDGE('',*,*,#748,.F.);
#483=ORIENTED_EDGE('',*,*,#747,.F.);
#484=ORIENTED_EDGE('',*,*,#749,.T.);
#485=ORIENTED_EDGE('',*,*,#750,.T.);
#486=ORIENTED_EDGE('',*,*,#751,.F.);
#487=ORIENTED_EDGE('',*,*,#750,.F.);
#488=ORIENTED_EDGE('',*,*,#752,.F.);
#489=ORIENTED_EDGE('',*,*,#739,.T.);
#490=ORIENTED_EDGE('',*,*,#735,.F.);
#491=ORIENTED_EDGE('',*,*,#734,.F.);
#492=ORIENTED_EDGE('',*,*,#753,.T.);
#493=ORIENTED_EDGE('',*,*,#753,.F.);
#494=ORIENTED_EDGE('',*,*,#712,.F.);
#495=ORIENTED_EDGE('',*,*,#754,.T.);
#496=ORIENTED_EDGE('',*,*,#754,.F.);
#497=ORIENTED_EDGE('',*,*,#711,.F.);
#498=ORIENTED_EDGE('',*,*,#707,.T.);
#499=ORIENTED_EDGE('',*,*,#755,.F.);
#500=ORIENTED_EDGE('',*,*,#756,.F.);
#501=ORIENTED_EDGE('',*,*,#757,.T.);
#502=ORIENTED_EDGE('',*,*,#710,.T.);
#503=ORIENTED_EDGE('',*,*,#758,.F.);
#504=ORIENTED_EDGE('',*,*,#759,.F.);
#505=ORIENTED_EDGE('',*,*,#755,.T.);
#506=ORIENTED_EDGE('',*,*,#709,.T.);
#507=ORIENTED_EDGE('',*,*,#760,.F.);
#508=ORIENTED_EDGE('',*,*,#761,.F.);
#509=ORIENTED_EDGE('',*,*,#758,.T.);
#510=ORIENTED_EDGE('',*,*,#708,.T.);
#511=ORIENTED_EDGE('',*,*,#757,.F.);
#512=ORIENTED_EDGE('',*,*,#762,.F.);
#513=ORIENTED_EDGE('',*,*,#760,.T.);
#514=ORIENTED_EDGE('',*,*,#756,.T.);
#515=ORIENTED_EDGE('',*,*,#759,.T.);
#516=ORIENTED_EDGE('',*,*,#761,.T.);
#517=ORIENTED_EDGE('',*,*,#762,.T.);
#518=ORIENTED_EDGE('',*,*,#715,.F.);
#519=ORIENTED_EDGE('',*,*,#763,.F.);
#520=ORIENTED_EDGE('',*,*,#764,.T.);
#521=ORIENTED_EDGE('',*,*,#765,.T.);
#522=ORIENTED_EDGE('',*,*,#716,.F.);
#523=ORIENTED_EDGE('',*,*,#765,.F.);
#524=ORIENTED_EDGE('',*,*,#766,.T.);
#525=ORIENTED_EDGE('',*,*,#767,.T.);
#526=ORIENTED_EDGE('',*,*,#717,.F.);
#527=ORIENTED_EDGE('',*,*,#767,.F.);
#528=ORIENTED_EDGE('',*,*,#768,.T.);
#529=ORIENTED_EDGE('',*,*,#769,.T.);
#530=ORIENTED_EDGE('',*,*,#714,.F.);
#531=ORIENTED_EDGE('',*,*,#769,.F.);
#532=ORIENTED_EDGE('',*,*,#770,.T.);
#533=ORIENTED_EDGE('',*,*,#763,.T.);
#534=ORIENTED_EDGE('',*,*,#764,.F.);
#535=ORIENTED_EDGE('',*,*,#770,.F.);
#536=ORIENTED_EDGE('',*,*,#768,.F.);
#537=ORIENTED_EDGE('',*,*,#766,.F.);
#538=ORIENTED_EDGE('',*,*,#744,.T.);
#539=ORIENTED_EDGE('',*,*,#771,.F.);
#540=ORIENTED_EDGE('',*,*,#772,.F.);
#541=ORIENTED_EDGE('',*,*,#773,.T.);
#542=ORIENTED_EDGE('',*,*,#771,.T.);
#543=ORIENTED_EDGE('',*,*,#743,.T.);
#544=ORIENTED_EDGE('',*,*,#774,.F.);
#545=ORIENTED_EDGE('',*,*,#775,.F.);
#546=ORIENTED_EDGE('',*,*,#742,.T.);
#547=ORIENTED_EDGE('',*,*,#776,.F.);
#548=ORIENTED_EDGE('',*,*,#777,.F.);
#549=ORIENTED_EDGE('',*,*,#774,.T.);
#550=ORIENTED_EDGE('',*,*,#776,.T.);
#551=ORIENTED_EDGE('',*,*,#741,.T.);
#552=ORIENTED_EDGE('',*,*,#773,.F.);
#553=ORIENTED_EDGE('',*,*,#778,.F.);
#554=ORIENTED_EDGE('',*,*,#772,.T.);
#555=ORIENTED_EDGE('',*,*,#775,.T.);
#556=ORIENTED_EDGE('',*,*,#777,.T.);
#557=ORIENTED_EDGE('',*,*,#778,.T.);
#558=ORIENTED_EDGE('',*,*,#779,.F.);
#559=ORIENTED_EDGE('',*,*,#780,.T.);
#560=ORIENTED_EDGE('',*,*,#781,.T.);
#561=ORIENTED_EDGE('',*,*,#722,.F.);
#562=ORIENTED_EDGE('',*,*,#679,.T.);
#563=ORIENTED_EDGE('',*,*,#781,.F.);
#564=ORIENTED_EDGE('',*,*,#782,.T.);
#565=ORIENTED_EDGE('',*,*,#783,.T.);
#566=ORIENTED_EDGE('',*,*,#784,.T.);
#567=ORIENTED_EDGE('',*,*,#785,.T.);
#568=ORIENTED_EDGE('',*,*,#723,.F.);
#569=ORIENTED_EDGE('',*,*,#785,.F.);
#570=ORIENTED_EDGE('',*,*,#786,.T.);
#571=ORIENTED_EDGE('',*,*,#787,.T.);
#572=ORIENTED_EDGE('',*,*,#724,.F.);
#573=ORIENTED_EDGE('',*,*,#680,.F.);
#574=ORIENTED_EDGE('',*,*,#788,.T.);
#575=ORIENTED_EDGE('',*,*,#789,.T.);
#576=ORIENTED_EDGE('',*,*,#779,.T.);
#577=ORIENTED_EDGE('',*,*,#725,.F.);
#578=ORIENTED_EDGE('',*,*,#787,.F.);
#579=ORIENTED_EDGE('',*,*,#790,.T.);
#580=ORIENTED_EDGE('',*,*,#783,.F.);
#581=ORIENTED_EDGE('',*,*,#791,.T.);
#582=ORIENTED_EDGE('',*,*,#788,.F.);
#583=ORIENTED_EDGE('',*,*,#792,.T.);
#584=ORIENTED_EDGE('',*,*,#793,.F.);
#585=ORIENTED_EDGE('',*,*,#794,.T.);
#586=ORIENTED_EDGE('',*,*,#795,.T.);
#587=ORIENTED_EDGE('',*,*,#718,.F.);
#588=ORIENTED_EDGE('',*,*,#796,.T.);
#589=ORIENTED_EDGE('',*,*,#795,.F.);
#590=ORIENTED_EDGE('',*,*,#797,.T.);
#591=ORIENTED_EDGE('',*,*,#798,.T.);
#592=ORIENTED_EDGE('',*,*,#799,.T.);
#593=ORIENTED_EDGE('',*,*,#800,.T.);
#594=ORIENTED_EDGE('',*,*,#719,.F.);
#595=ORIENTED_EDGE('',*,*,#800,.F.);
#596=ORIENTED_EDGE('',*,*,#801,.T.);
#597=ORIENTED_EDGE('',*,*,#802,.T.);
#598=ORIENTED_EDGE('',*,*,#720,.F.);
#599=ORIENTED_EDGE('',*,*,#803,.F.);
#600=ORIENTED_EDGE('',*,*,#804,.T.);
#601=ORIENTED_EDGE('',*,*,#805,.T.);
#602=ORIENTED_EDGE('',*,*,#793,.T.);
#603=ORIENTED_EDGE('',*,*,#721,.F.);
#604=ORIENTED_EDGE('',*,*,#802,.F.);
#605=ORIENTED_EDGE('',*,*,#806,.T.);
#606=ORIENTED_EDGE('',*,*,#798,.F.);
#607=ORIENTED_EDGE('',*,*,#807,.T.);
#608=ORIENTED_EDGE('',*,*,#804,.F.);
#609=ORIENTED_EDGE('',*,*,#808,.T.);
#610=ORIENTED_EDGE('',*,*,#803,.T.);
#611=ORIENTED_EDGE('',*,*,#796,.F.);
#612=ORIENTED_EDGE('',*,*,#789,.F.);
#613=ORIENTED_EDGE('',*,*,#791,.F.);
#614=ORIENTED_EDGE('',*,*,#782,.F.);
#615=ORIENTED_EDGE('',*,*,#780,.F.);
#616=ORIENTED_EDGE('',*,*,#784,.F.);
#617=ORIENTED_EDGE('',*,*,#792,.F.);
#618=ORIENTED_EDGE('',*,*,#790,.F.);
#619=ORIENTED_EDGE('',*,*,#786,.F.);
#620=ORIENTED_EDGE('',*,*,#805,.F.);
#621=ORIENTED_EDGE('',*,*,#807,.F.);
#622=ORIENTED_EDGE('',*,*,#797,.F.);
#623=ORIENTED_EDGE('',*,*,#794,.F.);
#624=ORIENTED_EDGE('',*,*,#799,.F.);
#625=ORIENTED_EDGE('',*,*,#808,.F.);
#626=ORIENTED_EDGE('',*,*,#806,.F.);
#627=ORIENTED_EDGE('',*,*,#801,.F.);
#628=ORIENTED_EDGE('',*,*,#732,.F.);
#629=ORIENTED_EDGE('',*,*,#731,.F.);
#630=ORIENTED_EDGE('',*,*,#736,.F.);
#631=ORIENTED_EDGE('',*,*,#706,.F.);
#632=ORIENTED_EDGE('',*,*,#751,.T.);
#633=ORIENTED_EDGE('',*,*,#738,.F.);
#634=ORIENTED_EDGE('',*,*,#745,.F.);
#635=ORIENTED_EDGE('',*,*,#748,.T.);
#636=ORIENTED_EDGE('',*,*,#752,.T.);
#637=ORIENTED_EDGE('',*,*,#749,.F.);
#638=ORIENTED_EDGE('',*,*,#746,.F.);
#639=ORIENTED_EDGE('',*,*,#740,.T.);
#640=ORIENTED_EDGE('',*,*,#809,.T.);
#641=ORIENTED_EDGE('',*,*,#705,.F.);
#642=ORIENTED_EDGE('',*,*,#809,.F.);
#643=EDGE_CURVE('',#810,#811,#929,.T.);
#644=EDGE_CURVE('',#812,#811,#141,.T.);
#645=EDGE_CURVE('',#813,#812,#66,.T.);
#646=EDGE_CURVE('',#813,#810,#142,.T.);
#647=EDGE_CURVE('',#811,#814,#67,.F.);
#648=EDGE_CURVE('',#815,#814,#143,.T.);
#649=EDGE_CURVE('',#812,#815,#144,.T.);
#650=EDGE_CURVE('',#814,#816,#930,.T.);
#651=EDGE_CURVE('',#817,#816,#145,.T.);
#652=EDGE_CURVE('',#815,#817,#68,.T.);
#653=EDGE_CURVE('',#816,#810,#69,.F.);
#654=EDGE_CURVE('',#817,#813,#146,.T.);
#655=EDGE_CURVE('',#818,#819,#931,.T.);
#656=EDGE_CURVE('',#820,#819,#147,.T.);
#657=EDGE_CURVE('',#821,#820,#70,.T.);
#658=EDGE_CURVE('',#821,#818,#148,.T.);
#659=EDGE_CURVE('',#819,#822,#71,.F.);
#660=EDGE_CURVE('',#823,#822,#149,.T.);
#661=EDGE_CURVE('',#820,#823,#150,.T.);
#662=EDGE_CURVE('',#822,#824,#932,.T.);
#663=EDGE_CURVE('',#825,#824,#151,.T.);
#664=EDGE_CURVE('',#823,#825,#72,.T.);
#665=EDGE_CURVE('',#824,#818,#73,.F.);
#666=EDGE_CURVE('',#825,#821,#152,.T.);
#667=EDGE_CURVE('',#826,#827,#933,.T.);
#668=EDGE_CURVE('',#828,#827,#153,.T.);
#669=EDGE_CURVE('',#829,#828,#74,.T.);
#670=EDGE_CURVE('',#829,#826,#154,.T.);
#671=EDGE_CURVE('',#827,#830,#75,.F.);
#672=EDGE_CURVE('',#831,#830,#155,.T.);
#673=EDGE_CURVE('',#828,#831,#156,.T.);
#674=EDGE_CURVE('',#830,#832,#934,.T.);
#675=EDGE_CURVE('',#833,#832,#157,.T.);
#676=EDGE_CURVE('',#831,#833,#76,.T.);
#677=EDGE_CURVE('',#832,#826,#77,.F.);
#678=EDGE_CURVE('',#833,#829,#158,.T.);
#679=EDGE_CURVE('',#834,#834,#78,.T.);
#680=EDGE_CURVE('',#835,#835,#79,.T.);
#681=EDGE_CURVE('',#836,#837,#80,.T.);
#682=EDGE_CURVE('',#838,#837,#159,.T.);
#683=EDGE_CURVE('',#839,#838,#81,.T.);
#684=EDGE_CURVE('',#839,#836,#160,.T.);
#685=EDGE_CURVE('',#837,#840,#82,.T.);
#686=EDGE_CURVE('',#841,#840,#161,.T.);
#687=EDGE_CURVE('',#838,#841,#83,.T.);
#688=EDGE_CURVE('',#840,#842,#84,.T.);
#689=EDGE_CURVE('',#843,#842,#162,.T.);
#690=EDGE_CURVE('',#841,#843,#85,.T.);
#691=EDGE_CURVE('',#842,#836,#86,.T.);
#692=EDGE_CURVE('',#843,#839,#87,.T.);
#693=EDGE_CURVE('',#844,#845,#88,.T.);
#694=EDGE_CURVE('',#846,#844,#163,.T.);
#695=EDGE_CURVE('',#846,#847,#89,.T.);
#696=EDGE_CURVE('',#847,#845,#164,.T.);
#697=EDGE_CURVE('',#845,#848,#90,.T.);
#698=EDGE_CURVE('',#847,#849,#91,.T.);
#699=EDGE_CURVE('',#849,#848,#165,.T.);
#700=EDGE_CURVE('',#848,#850,#92,.T.);
#701=EDGE_CURVE('',#849,#851,#93,.T.);
#702=EDGE_CURVE('',#851,#850,#166,.T.);
#703=EDGE_CURVE('',#850,#844,#94,.T.);
#704=EDGE_CURVE('',#851,#846,#95,.T.);
#705=EDGE_CURVE('',#852,#852,#96,.T.);
#706=EDGE_CURVE('',#853,#853,#97,.T.);
#707=EDGE_CURVE('',#854,#855,#98,.T.);
#708=EDGE_CURVE('',#856,#854,#99,.T.);
#709=EDGE_CURVE('',#857,#856,#100,.T.);
#710=EDGE_CURVE('',#855,#857,#101,.T.);
#711=EDGE_CURVE('',#858,#858,#102,.T.);
#712=EDGE_CURVE('',#859,#859,#103,.T.);
#713=EDGE_CURVE('',#860,#860,#104,.T.);
#714=EDGE_CURVE('',#861,#862,#105,.T.);
#715=EDGE_CURVE('',#862,#863,#106,.T.);
#716=EDGE_CURVE('',#863,#864,#107,.T.);
#717=EDGE_CURVE('',#864,#861,#108,.T.);
#718=EDGE_CURVE('',#865,#866,#167,.T.);
#719=EDGE_CURVE('',#866,#867,#168,.T.);
#720=EDGE_CURVE('',#867,#868,#169,.T.);
#721=EDGE_CURVE('',#868,#865,#170,.T.);
#722=EDGE_CURVE('',#869,#870,#171,.T.);
#723=EDGE_CURVE('',#870,#871,#172,.T.);
#724=EDGE_CURVE('',#871,#872,#173,.T.);
#725=EDGE_CURVE('',#872,#869,#174,.T.);
#726=EDGE_CURVE('',#873,#873,#109,.T.);
#727=EDGE_CURVE('',#874,#874,#110,.T.);
#728=EDGE_CURVE('',#875,#875,#111,.T.);
#729=EDGE_CURVE('',#876,#876,#112,.T.);
#730=EDGE_CURVE('',#877,#877,#113,.T.);
#731=EDGE_CURVE('',#878,#878,#114,.T.);
#732=EDGE_CURVE('',#879,#879,#115,.F.);
#733=EDGE_CURVE('',#880,#880,#116,.T.);
#734=EDGE_CURVE('',#881,#881,#117,.T.);
#735=EDGE_CURVE('',#882,#882,#118,.F.);
#736=EDGE_CURVE('',#883,#883,#119,.F.);
#737=EDGE_CURVE('',#884,#885,#120,.T.);
#738=EDGE_CURVE('',#885,#886,#175,.T.);
#739=EDGE_CURVE('',#887,#886,#121,.T.);
#740=EDGE_CURVE('',#884,#887,#176,.T.);
#741=EDGE_CURVE('',#888,#889,#122,.F.);
#742=EDGE_CURVE('',#890,#888,#935,.T.);
#743=EDGE_CURVE('',#891,#890,#123,.F.);
#744=EDGE_CURVE('',#889,#891,#936,.T.);
#745=EDGE_CURVE('',#892,#885,#177,.T.);
#746=EDGE_CURVE('',#884,#893,#178,.T.);
#747=EDGE_CURVE('',#893,#892,#124,.T.);
#748=EDGE_CURVE('',#892,#894,#179,.T.);
#749=EDGE_CURVE('',#893,#895,#180,.T.);
#750=EDGE_CURVE('',#895,#894,#125,.T.);
#751=EDGE_CURVE('',#894,#886,#181,.T.);
#752=EDGE_CURVE('',#887,#895,#182,.T.);
#753=EDGE_CURVE('',#896,#896,#126,.T.);
#754=EDGE_CURVE('',#897,#897,#127,.T.);
#755=EDGE_CURVE('',#898,#855,#183,.T.);
#756=EDGE_CURVE('',#899,#898,#128,.T.);
#757=EDGE_CURVE('',#899,#854,#184,.T.);
#758=EDGE_CURVE('',#900,#857,#185,.T.);
#759=EDGE_CURVE('',#898,#900,#129,.T.);
#760=EDGE_CURVE('',#901,#856,#186,.T.);
#761=EDGE_CURVE('',#900,#901,#130,.T.);
#762=EDGE_CURVE('',#901,#899,#131,.T.);
#763=EDGE_CURVE('',#902,#862,#187,.T.);
#764=EDGE_CURVE('',#902,#903,#132,.T.);
#765=EDGE_CURVE('',#903,#863,#188,.T.);
#766=EDGE_CURVE('',#903,#904,#133,.T.);
#767=EDGE_CURVE('',#904,#864,#189,.T.);
#768=EDGE_CURVE('',#904,#905,#134,.T.);
#769=EDGE_CURVE('',#905,#861,#190,.T.);
#770=EDGE_CURVE('',#905,#902,#135,.T.);
#771=EDGE_CURVE('',#906,#891,#191,.T.);
#772=EDGE_CURVE('',#907,#906,#136,.T.);
#773=EDGE_CURVE('',#907,#889,#192,.T.);
#774=EDGE_CURVE('',#908,#890,#193,.T.);
#775=EDGE_CURVE('',#906,#908,#194,.T.);
#776=EDGE_CURVE('',#909,#888,#195,.T.);
#777=EDGE_CURVE('',#908,#909,#137,.T.);
#778=EDGE_CURVE('',#909,#907,#196,.T.);
#779=EDGE_CURVE('',#910,#869,#197,.T.);
#780=EDGE_CURVE('',#910,#911,#198,.T.);
#781=EDGE_CURVE('',#911,#870,#199,.T.);
#782=EDGE_CURVE('',#911,#912,#200,.T.);
#783=EDGE_CURVE('',#912,#913,#201,.T.);
#784=EDGE_CURVE('',#913,#914,#202,.T.);
#785=EDGE_CURVE('',#914,#871,#203,.T.);
#786=EDGE_CURVE('',#914,#915,#204,.T.);
#787=EDGE_CURVE('',#915,#872,#205,.T.);
#788=EDGE_CURVE('',#916,#917,#206,.T.);
#789=EDGE_CURVE('',#917,#910,#207,.T.);
#790=EDGE_CURVE('',#915,#916,#208,.T.);
#791=EDGE_CURVE('',#912,#917,#209,.T.);
#792=EDGE_CURVE('',#916,#913,#210,.T.);
#793=EDGE_CURVE('',#918,#865,#211,.T.);
#794=EDGE_CURVE('',#918,#919,#212,.T.);
#795=EDGE_CURVE('',#919,#866,#213,.T.);
#796=EDGE_CURVE('',#920,#920,#138,.T.);
#797=EDGE_CURVE('',#919,#921,#214,.T.);
#798=EDGE_CURVE('',#921,#922,#215,.T.);
#799=EDGE_CURVE('',#922,#923,#216,.T.);
#800=EDGE_CURVE('',#923,#867,#217,.T.);
#801=EDGE_CURVE('',#923,#924,#218,.T.);
#802=EDGE_CURVE('',#924,#868,#219,.T.);
#803=EDGE_CURVE('',#925,#925,#139,.T.);
#804=EDGE_CURVE('',#926,#927,#220,.T.);
#805=EDGE_CURVE('',#927,#918,#221,.T.);
#806=EDGE_CURVE('',#924,#926,#222,.T.);
#807=EDGE_CURVE('',#921,#927,#223,.T.);
#808=EDGE_CURVE('',#926,#922,#224,.T.);
#809=EDGE_CURVE('',#928,#928,#140,.T.);
#810=VERTEX_POINT('',#2424);
#811=VERTEX_POINT('',#2425);
#812=VERTEX_POINT('',#2427);
#813=VERTEX_POINT('',#2429);
#814=VERTEX_POINT('',#2433);
#815=VERTEX_POINT('',#2435);
#816=VERTEX_POINT('',#2447);
#817=VERTEX_POINT('',#2449);
#818=VERTEX_POINT('',#2465);
#819=VERTEX_POINT('',#2466);
#820=VERTEX_POINT('',#2468);
#821=VERTEX_POINT('',#2470);
#822=VERTEX_POINT('',#2474);
#823=VERTEX_POINT('',#2476);
#824=VERTEX_POINT('',#2488);
#825=VERTEX_POINT('',#2490);
#826=VERTEX_POINT('',#2506);
#827=VERTEX_POINT('',#2507);
#828=VERTEX_POINT('',#2509);
#829=VERTEX_POINT('',#2511);
#830=VERTEX_POINT('',#2515);
#831=VERTEX_POINT('',#2517);
#832=VERTEX_POINT('',#2529);
#833=VERTEX_POINT('',#2531);
#834=VERTEX_POINT('',#2539);
#835=VERTEX_POINT('',#2541);
#836=VERTEX_POINT('',#2544);
#837=VERTEX_POINT('',#2545);
#838=VERTEX_POINT('',#2547);
#839=VERTEX_POINT('',#2549);
#840=VERTEX_POINT('',#2553);
#841=VERTEX_POINT('',#2555);
#842=VERTEX_POINT('',#2559);
#843=VERTEX_POINT('',#2561);
#844=VERTEX_POINT('',#2569);
#845=VERTEX_POINT('',#2570);
#846=VERTEX_POINT('',#2572);
#847=VERTEX_POINT('',#2574);
#848=VERTEX_POINT('',#2578);
#849=VERTEX_POINT('',#2580);
#850=VERTEX_POINT('',#2584);
#851=VERTEX_POINT('',#2586);
#852=VERTEX_POINT('',#2594);
#853=VERTEX_POINT('',#2596);
#854=VERTEX_POINT('',#2598);
#855=VERTEX_POINT('',#2599);
#856=VERTEX_POINT('',#2601);
#857=VERTEX_POINT('',#2603);
#858=VERTEX_POINT('',#2606);
#859=VERTEX_POINT('',#2608);
#860=VERTEX_POINT('',#2610);
#861=VERTEX_POINT('',#2612);
#862=VERTEX_POINT('',#2613);
#863=VERTEX_POINT('',#2615);
#864=VERTEX_POINT('',#2617);
#865=VERTEX_POINT('',#2621);
#866=VERTEX_POINT('',#2622);
#867=VERTEX_POINT('',#2624);
#868=VERTEX_POINT('',#2626);
#869=VERTEX_POINT('',#2629);
#870=VERTEX_POINT('',#2630);
#871=VERTEX_POINT('',#2632);
#872=VERTEX_POINT('',#2634);
#873=VERTEX_POINT('',#2637);
#874=VERTEX_POINT('',#2639);
#875=VERTEX_POINT('',#2642);
#876=VERTEX_POINT('',#2645);
#877=VERTEX_POINT('',#2648);
#878=VERTEX_POINT('',#2652);
#879=VERTEX_POINT('',#2655);
#880=VERTEX_POINT('',#2657);
#881=VERTEX_POINT('',#2660);
#882=VERTEX_POINT('',#2663);
#883=VERTEX_POINT('',#2666);
#884=VERTEX_POINT('',#2668);
#885=VERTEX_POINT('',#2669);
#886=VERTEX_POINT('',#2671);
#887=VERTEX_POINT('',#2673);
#888=VERTEX_POINT('',#2676);
#889=VERTEX_POINT('',#2677);
#890=VERTEX_POINT('',#2687);
#891=VERTEX_POINT('',#2689);
#892=VERTEX_POINT('',#2701);
#893=VERTEX_POINT('',#2703);
#894=VERTEX_POINT('',#2707);
#895=VERTEX_POINT('',#2709);
#896=VERTEX_POINT('',#2717);
#897=VERTEX_POINT('',#2721);
#898=VERTEX_POINT('',#2725);
#899=VERTEX_POINT('',#2727);
#900=VERTEX_POINT('',#2731);
#901=VERTEX_POINT('',#2735);
#902=VERTEX_POINT('',#2742);
#903=VERTEX_POINT('',#2744);
#904=VERTEX_POINT('',#2748);
#905=VERTEX_POINT('',#2752);
#906=VERTEX_POINT('',#2759);
#907=VERTEX_POINT('',#2761);
#908=VERTEX_POINT('',#2765);
#909=VERTEX_POINT('',#2769);
#910=VERTEX_POINT('',#2776);
#911=VERTEX_POINT('',#2778);
#912=VERTEX_POINT('',#2782);
#913=VERTEX_POINT('',#2784);
#914=VERTEX_POINT('',#2786);
#915=VERTEX_POINT('',#2790);
#916=VERTEX_POINT('',#2794);
#917=VERTEX_POINT('',#2795);
#918=VERTEX_POINT('',#2803);
#919=VERTEX_POINT('',#2805);
#920=VERTEX_POINT('',#2809);
#921=VERTEX_POINT('',#2811);
#922=VERTEX_POINT('',#2813);
#923=VERTEX_POINT('',#2815);
#924=VERTEX_POINT('',#2819);
#925=VERTEX_POINT('',#2823);
#926=VERTEX_POINT('',#2825);
#927=VERTEX_POINT('',#2826);
#928=VERTEX_POINT('',#2843);
#929=B_SPLINE_CURVE_WITH_KNOTS('',3,(#2415,#2416,#2417,#2418,#2419,#2420,
#2421,#2422,#2423),.UNSPECIFIED.,.F.,.F.,(4,1,1,1,1,1,4),(0.,0.00239960237211311,
0.00359940355816967,0.00479920474422622,0.00599900593028278,0.00719880711633933,
0.00959840948845244),.UNSPECIFIED.);
#930=B_SPLINE_CURVE_WITH_KNOTS('',3,(#2438,#2439,#2440,#2441,#2442,#2443,
#2444,#2445,#2446),.UNSPECIFIED.,.F.,.F.,(4,1,1,1,1,1,4),(8.67361737988404E-19,
0.00239960237211311,0.00359940355816967,0.00479920474422622,0.00599900593028278,
0.00719880711633934,0.00959840948845245),.UNSPECIFIED.);
#931=B_SPLINE_CURVE_WITH_KNOTS('',3,(#2456,#2457,#2458,#2459,#2460,#2461,
#2462,#2463,#2464),.UNSPECIFIED.,.F.,.F.,(4,1,1,1,1,1,4),(0.,0.00239960237211311,
0.00359940355816967,0.00479920474422622,0.00599900593028278,0.00719880711633933,
0.00959840948845244),.UNSPECIFIED.);
#932=B_SPLINE_CURVE_WITH_KNOTS('',3,(#2479,#2480,#2481,#2482,#2483,#2484,
#2485,#2486,#2487),.UNSPECIFIED.,.F.,.F.,(4,1,1,1,1,1,4),(8.67361737988404E-19,
0.00239960237211311,0.00359940355816967,0.00479920474422622,0.00599900593028278,
0.00719880711633933,0.00959840948845245),.UNSPECIFIED.);
#933=B_SPLINE_CURVE_WITH_KNOTS('',3,(#2497,#2498,#2499,#2500,#2501,#2502,
#2503,#2504,#2505),.UNSPECIFIED.,.F.,.F.,(4,1,1,1,1,1,4),(0.,0.00239960237211311,
0.00359940355816967,0.00479920474422622,0.00599900593028278,0.00719880711633933,
0.00959840948845244),.UNSPECIFIED.);
#934=B_SPLINE_CURVE_WITH_KNOTS('',3,(#2520,#2521,#2522,#2523,#2524,#2525,
#2526,#2527,#2528),.UNSPECIFIED.,.F.,.F.,(4,1,1,1,1,1,4),(8.67361737988404E-19,
0.00239960237211311,0.00359940355816967,0.00479920474422622,0.00599900593028278,
0.00719880711633933,0.00959840948845244),.UNSPECIFIED.);
#935=B_SPLINE_CURVE_WITH_KNOTS('',3,(#2678,#2679,#2680,#2681,#2682,#2683,
#2684,#2685,#2686),.UNSPECIFIED.,.F.,.F.,(4,1,1,1,1,1,4),(8.67361737988404E-19,
0.00239960237211311,0.00359940355816967,0.00479920474422622,0.00599900593028278,
0.00719880711633933,0.00959840948845245),.UNSPECIFIED.);
#936=B_SPLINE_CURVE_WITH_KNOTS('',3,(#2690,#2691,#2692,#2693,#2694,#2695,
#2696,#2697,#2698),.UNSPECIFIED.,.F.,.F.,(4,1,1,1,1,1,4),(0.,0.00239960237211311,
0.00359940355816967,0.00479920474422622,0.00599900593028278,0.00719880711633933,
0.00959840948845244),.UNSPECIFIED.);
#937=EDGE_LOOP('',(#309,#310,#311,#312));
#938=EDGE_LOOP('',(#313,#314,#315,#316));
#939=EDGE_LOOP('',(#317,#318,#319,#320));
#940=EDGE_LOOP('',(#321,#322,#323,#324));
#941=EDGE_LOOP('',(#325,#326,#327,#328));
#942=EDGE_LOOP('',(#329,#330,#331,#332));
#943=EDGE_LOOP('',(#333,#334,#335,#336));
#944=EDGE_LOOP('',(#337,#338,#339,#340));
#945=EDGE_LOOP('',(#341,#342,#343,#344));
#946=EDGE_LOOP('',(#345,#346,#347,#348));
#947=EDGE_LOOP('',(#349,#350,#351,#352));
#948=EDGE_LOOP('',(#353,#354,#355,#356));
#949=EDGE_LOOP('',(#357,#358,#359,#360));
#950=EDGE_LOOP('',(#361,#362,#363,#364));
#951=EDGE_LOOP('',(#365,#366,#367,#368));
#952=EDGE_LOOP('',(#369));
#953=EDGE_LOOP('',(#370));
#954=EDGE_LOOP('',(#371,#372,#373,#374));
#955=EDGE_LOOP('',(#375,#376,#377,#378));
#956=EDGE_LOOP('',(#379,#380,#381,#382));
#957=EDGE_LOOP('',(#383,#384,#385,#386));
#958=EDGE_LOOP('',(#387,#388,#389,#390));
#959=EDGE_LOOP('',(#391,#392,#393,#394));
#960=EDGE_LOOP('',(#395,#396,#397,#398));
#961=EDGE_LOOP('',(#399,#400,#401,#402));
#962=EDGE_LOOP('',(#403,#404,#405,#406));
#963=EDGE_LOOP('',(#407,#408,#409,#410));
#964=EDGE_LOOP('',(#411));
#965=EDGE_LOOP('',(#412));
#966=EDGE_LOOP('',(#413,#414,#415,#416));
#967=EDGE_LOOP('',(#417,#418,#419,#420));
#968=EDGE_LOOP('',(#421,#422,#423,#424));
#969=EDGE_LOOP('',(#425));
#970=EDGE_LOOP('',(#426));
#971=EDGE_LOOP('',(#427));
#972=EDGE_LOOP('',(#428,#429,#430,#431));
#973=EDGE_LOOP('',(#432,#433,#434,#435));
#974=EDGE_LOOP('',(#436,#437,#438,#439));
#975=EDGE_LOOP('',(#440));
#976=EDGE_LOOP('',(#441));
#977=EDGE_LOOP('',(#442));
#978=EDGE_LOOP('',(#443));
#979=EDGE_LOOP('',(#444));
#980=EDGE_LOOP('',(#445));
#981=EDGE_LOOP('',(#446));
#982=EDGE_LOOP('',(#447));
#983=EDGE_LOOP('',(#448));
#984=EDGE_LOOP('',(#449));
#985=EDGE_LOOP('',(#450));
#986=EDGE_LOOP('',(#451));
#987=EDGE_LOOP('',(#452));
#988=EDGE_LOOP('',(#453));
#989=EDGE_LOOP('',(#454));
#990=EDGE_LOOP('',(#455));
#991=EDGE_LOOP('',(#456));
#992=EDGE_LOOP('',(#457,#458,#459,#460));
#993=EDGE_LOOP('',(#461,#462,#463,#464));
#994=EDGE_LOOP('',(#465,#466,#467,#468));
#995=EDGE_LOOP('',(#469,#470,#471,#472));
#996=EDGE_LOOP('',(#473,#474,#475,#476));
#997=EDGE_LOOP('',(#477));
#998=EDGE_LOOP('',(#478,#479,#480,#481));
#999=EDGE_LOOP('',(#482,#483,#484,#485));
#1000=EDGE_LOOP('',(#486,#487,#488,#489));
#1001=EDGE_LOOP('',(#490));
#1002=EDGE_LOOP('',(#491));
#1003=EDGE_LOOP('',(#492));
#1004=EDGE_LOOP('',(#493));
#1005=EDGE_LOOP('',(#494));
#1006=EDGE_LOOP('',(#495));
#1007=EDGE_LOOP('',(#496));
#1008=EDGE_LOOP('',(#497));
#1009=EDGE_LOOP('',(#498,#499,#500,#501));
#1010=EDGE_LOOP('',(#502,#503,#504,#505));
#1011=EDGE_LOOP('',(#506,#507,#508,#509));
#1012=EDGE_LOOP('',(#510,#511,#512,#513));
#1013=EDGE_LOOP('',(#514,#515,#516,#517));
#1014=EDGE_LOOP('',(#518,#519,#520,#521));
#1015=EDGE_LOOP('',(#522,#523,#524,#525));
#1016=EDGE_LOOP('',(#526,#527,#528,#529));
#1017=EDGE_LOOP('',(#530,#531,#532,#533));
#1018=EDGE_LOOP('',(#534,#535,#536,#537));
#1019=EDGE_LOOP('',(#538,#539,#540,#541));
#1020=EDGE_LOOP('',(#542,#543,#544,#545));
#1021=EDGE_LOOP('',(#546,#547,#548,#549));
#1022=EDGE_LOOP('',(#550,#551,#552,#553));
#1023=EDGE_LOOP('',(#554,#555,#556,#557));
#1024=EDGE_LOOP('',(#558,#559,#560,#561));
#1025=EDGE_LOOP('',(#562));
#1026=EDGE_LOOP('',(#563,#564,#565,#566,#567,#568));
#1027=EDGE_LOOP('',(#569,#570,#571,#572));
#1028=EDGE_LOOP('',(#573));
#1029=EDGE_LOOP('',(#574,#575,#576,#577,#578,#579));
#1030=EDGE_LOOP('',(#580,#581,#582,#583));
#1031=EDGE_LOOP('',(#584,#585,#586,#587));
#1032=EDGE_LOOP('',(#588));
#1033=EDGE_LOOP('',(#589,#590,#591,#592,#593,#594));
#1034=EDGE_LOOP('',(#595,#596,#597,#598));
#1035=EDGE_LOOP('',(#599));
#1036=EDGE_LOOP('',(#600,#601,#602,#603,#604,#605));
#1037=EDGE_LOOP('',(#606,#607,#608,#609));
#1038=EDGE_LOOP('',(#610));
#1039=EDGE_LOOP('',(#611));
#1040=EDGE_LOOP('',(#612,#613,#614,#615));
#1041=EDGE_LOOP('',(#616,#617,#618,#619));
#1042=EDGE_LOOP('',(#620,#621,#622,#623));
#1043=EDGE_LOOP('',(#624,#625,#626,#627));
#1044=EDGE_LOOP('',(#628));
#1045=EDGE_LOOP('',(#629));
#1046=EDGE_LOOP('',(#630));
#1047=EDGE_LOOP('',(#631));
#1048=EDGE_LOOP('',(#632,#633,#634,#635));
#1049=EDGE_LOOP('',(#636,#637,#638,#639));
#1050=EDGE_LOOP('',(#640));
#1051=EDGE_LOOP('',(#641));
#1052=EDGE_LOOP('',(#642));
#1053=FACE_BOUND('',#937,.T.);
#1054=FACE_BOUND('',#938,.T.);
#1055=FACE_BOUND('',#939,.T.);
#1056=FACE_BOUND('',#940,.T.);
#1057=FACE_BOUND('',#941,.T.);
#1058=FACE_BOUND('',#942,.T.);
#1059=FACE_BOUND('',#943,.T.);
#1060=FACE_BOUND('',#944,.T.);
#1061=FACE_BOUND('',#945,.T.);
#1062=FACE_BOUND('',#946,.T.);
#1063=FACE_BOUND('',#947,.T.);
#1064=FACE_BOUND('',#948,.T.);
#1065=FACE_BOUND('',#949,.T.);
#1066=FACE_BOUND('',#950,.T.);
#1067=FACE_BOUND('',#951,.T.);
#1068=FACE_BOUND('',#952,.T.);
#1069=FACE_BOUND('',#953,.T.);
#1070=FACE_BOUND('',#954,.T.);
#1071=FACE_BOUND('',#955,.T.);
#1072=FACE_BOUND('',#956,.T.);
#1073=FACE_BOUND('',#957,.T.);
#1074=FACE_BOUND('',#958,.T.);
#1075=FACE_BOUND('',#959,.T.);
#1076=FACE_BOUND('',#960,.T.);
#1077=FACE_BOUND('',#961,.T.);
#1078=FACE_BOUND('',#962,.T.);
#1079=FACE_BOUND('',#963,.T.);
#1080=FACE_BOUND('',#964,.T.);
#1081=FACE_BOUND('',#965,.T.);
#1082=FACE_BOUND('',#966,.T.);
#1083=FACE_BOUND('',#967,.T.);
#1084=FACE_BOUND('',#968,.T.);
#1085=FACE_BOUND('',#969,.T.);
#1086=FACE_BOUND('',#970,.T.);
#1087=FACE_BOUND('',#971,.T.);
#1088=FACE_BOUND('',#972,.T.);
#1089=FACE_BOUND('',#973,.T.);
#1090=FACE_BOUND('',#974,.T.);
#1091=FACE_BOUND('',#975,.T.);
#1092=FACE_BOUND('',#976,.T.);
#1093=FACE_BOUND('',#977,.T.);
#1094=FACE_BOUND('',#978,.T.);
#1095=FACE_BOUND('',#979,.T.);
#1096=FACE_BOUND('',#980,.T.);
#1097=FACE_BOUND('',#981,.T.);
#1098=FACE_BOUND('',#982,.T.);
#1099=FACE_BOUND('',#983,.T.);
#1100=FACE_BOUND('',#984,.T.);
#1101=FACE_BOUND('',#985,.T.);
#1102=FACE_BOUND('',#986,.T.);
#1103=FACE_BOUND('',#987,.T.);
#1104=FACE_BOUND('',#988,.T.);
#1105=FACE_BOUND('',#989,.T.);
#1106=FACE_BOUND('',#990,.T.);
#1107=FACE_BOUND('',#991,.T.);
#1108=FACE_BOUND('',#992,.T.);
#1109=FACE_BOUND('',#993,.T.);
#1110=FACE_BOUND('',#994,.T.);
#1111=FACE_BOUND('',#995,.T.);
#1112=FACE_BOUND('',#996,.T.);
#1113=FACE_BOUND('',#997,.T.);
#1114=FACE_BOUND('',#998,.T.);
#1115=FACE_BOUND('',#999,.T.);
#1116=FACE_BOUND('',#1000,.T.);
#1117=FACE_BOUND('',#1001,.T.);
#1118=FACE_BOUND('',#1002,.T.);
#1119=FACE_BOUND('',#1003,.T.);
#1120=FACE_BOUND('',#1004,.T.);
#1121=FACE_BOUND('',#1005,.T.);
#1122=FACE_BOUND('',#1006,.T.);
#1123=FACE_BOUND('',#1007,.T.);
#1124=FACE_BOUND('',#1008,.T.);
#1125=FACE_BOUND('',#1009,.T.);
#1126=FACE_BOUND('',#1010,.T.);
#1127=FACE_BOUND('',#1011,.T.);
#1128=FACE_BOUND('',#1012,.T.);
#1129=FACE_BOUND('',#1013,.T.);
#1130=FACE_BOUND('',#1014,.T.);
#1131=FACE_BOUND('',#1015,.T.);
#1132=FACE_BOUND('',#1016,.T.);
#1133=FACE_BOUND('',#1017,.T.);
#1134=FACE_BOUND('',#1018,.T.);
#1135=FACE_BOUND('',#1019,.T.);
#1136=FACE_BOUND('',#1020,.T.);
#1137=FACE_BOUND('',#1021,.T.);
#1138=FACE_BOUND('',#1022,.T.);
#1139=FACE_BOUND('',#1023,.T.);
#1140=FACE_BOUND('',#1024,.T.);
#1141=FACE_BOUND('',#1025,.T.);
#1142=FACE_BOUND('',#1026,.T.);
#1143=FACE_BOUND('',#1027,.T.);
#1144=FACE_BOUND('',#1028,.T.);
#1145=FACE_BOUND('',#1029,.T.);
#1146=FACE_BOUND('',#1030,.T.);
#1147=FACE_BOUND('',#1031,.T.);
#1148=FACE_BOUND('',#1032,.T.);
#1149=FACE_BOUND('',#1033,.T.);
#1150=FACE_BOUND('',#1034,.T.);
#1151=FACE_BOUND('',#1035,.T.);
#1152=FACE_BOUND('',#1036,.T.);
#1153=FACE_BOUND('',#1037,.T.);
#1154=FACE_BOUND('',#1038,.T.);
#1155=FACE_BOUND('',#1039,.T.);
#1156=FACE_BOUND('',#1040,.T.);
#1157=FACE_BOUND('',#1041,.T.);
#1158=FACE_BOUND('',#1042,.T.);
#1159=FACE_BOUND('',#1043,.T.);
#1160=FACE_BOUND('',#1044,.T.);
#1161=FACE_BOUND('',#1045,.T.);
#1162=FACE_BOUND('',#1046,.T.);
#1163=FACE_BOUND('',#1047,.T.);
#1164=FACE_BOUND('',#1048,.T.);
#1165=FACE_BOUND('',#1049,.T.);
#1166=FACE_BOUND('',#1050,.T.);
#1167=FACE_BOUND('',#1051,.T.);
#1168=FACE_BOUND('',#1052,.T.);
#1169=CYLINDRICAL_SURFACE('',#1859,3.);
#1170=CYLINDRICAL_SURFACE('',#1863,3.);
#1171=CYLINDRICAL_SURFACE('',#1868,3.);
#1172=CYLINDRICAL_SURFACE('',#1872,3.);
#1173=CYLINDRICAL_SURFACE('',#1877,3.);
#1174=CYLINDRICAL_SURFACE('',#1881,3.);
#1175=CYLINDRICAL_SURFACE('',#1886,1.);
#1176=CYLINDRICAL_SURFACE('',#1889,2.);
#1177=CYLINDRICAL_SURFACE('',#1892,13.6081482220594);
#1178=CYLINDRICAL_SURFACE('',#1895,2.);
#1179=CYLINDRICAL_SURFACE('',#1898,17.6081482220594);
#1180=CYLINDRICAL_SURFACE('',#1902,2.);
#1181=CYLINDRICAL_SURFACE('',#1905,17.6081482220594);
#1182=CYLINDRICAL_SURFACE('',#1908,2.);
#1183=CYLINDRICAL_SURFACE('',#1911,13.6081482220594);
#1184=CYLINDRICAL_SURFACE('',#1932,8.75);
#1185=CYLINDRICAL_SURFACE('',#1936,2.5);
#1186=CYLINDRICAL_SURFACE('',#1941,2.5);
#1187=CYLINDRICAL_SURFACE('',#1946,8.75);
#1188=CYLINDRICAL_SURFACE('',#1948,21.2);
#1189=CYLINDRICAL_SURFACE('',#1956,22.5);
#1190=CYLINDRICAL_SURFACE('',#1962,1.621);
#1191=CYLINDRICAL_SURFACE('',#1965,1.621);
#1192=CYLINDRICAL_SURFACE('',#1966,2.);
#1193=CYLINDRICAL_SURFACE('',#1968,13.6081482220594);
#1194=CYLINDRICAL_SURFACE('',#1970,2.);
#1195=CYLINDRICAL_SURFACE('',#1972,17.6081482220594);
#1196=CYLINDRICAL_SURFACE('',#1975,2.);
#1197=CYLINDRICAL_SURFACE('',#1977,17.6081482220594);
#1198=CYLINDRICAL_SURFACE('',#1979,2.);
#1199=CYLINDRICAL_SURFACE('',#1981,13.6081482220594);
#1200=CYLINDRICAL_SURFACE('',#1984,3.);
#1201=CYLINDRICAL_SURFACE('',#1987,3.);
#1202=CYLINDRICAL_SURFACE('',#2003,1.);
#1203=CYLINDRICAL_SURFACE('',#2012,1.25);
#1204=STYLED_ITEM('',(#1285),#1773);
#1205=STYLED_ITEM('',(#1286),#1774);
#1206=STYLED_ITEM('',(#1287),#1775);
#1207=STYLED_ITEM('',(#1288),#1776);
#1208=STYLED_ITEM('',(#1289),#1777);
#1209=STYLED_ITEM('',(#1290),#1778);
#1210=STYLED_ITEM('',(#1291),#1779);
#1211=STYLED_ITEM('',(#1292),#1780);
#1212=STYLED_ITEM('',(#1293),#1781);
#1213=STYLED_ITEM('',(#1294),#1782);
#1214=STYLED_ITEM('',(#1295),#1783);
#1215=STYLED_ITEM('',(#1296),#1784);
#1216=STYLED_ITEM('',(#1297),#1785);
#1217=STYLED_ITEM('',(#1298),#1786);
#1218=STYLED_ITEM('',(#1299),#1787);
#1219=STYLED_ITEM('',(#1300),#1788);
#1220=STYLED_ITEM('',(#1301),#1789);
#1221=STYLED_ITEM('',(#1302),#1790);
#1222=STYLED_ITEM('',(#1303),#1791);
#1223=STYLED_ITEM('',(#1304),#1792);
#1224=STYLED_ITEM('',(#1305),#1793);
#1225=STYLED_ITEM('',(#1306),#1794);
#1226=STYLED_ITEM('',(#1307),#1795);
#1227=STYLED_ITEM('',(#1308),#1796);
#1228=STYLED_ITEM('',(#1309),#1797);
#1229=STYLED_ITEM('',(#1310),#1798);
#1230=STYLED_ITEM('',(#1311),#1799);
#1231=STYLED_ITEM('',(#1312),#1800);
#1232=STYLED_ITEM('',(#1313),#1801);
#1233=STYLED_ITEM('',(#1314),#1802);
#1234=STYLED_ITEM('',(#1315),#1803);
#1235=STYLED_ITEM('',(#1316),#1804);
#1236=STYLED_ITEM('',(#1317),#1805);
#1237=STYLED_ITEM('',(#1318),#1806);
#1238=STYLED_ITEM('',(#1319),#1807);
#1239=STYLED_ITEM('',(#1320),#1808);
#1240=STYLED_ITEM('',(#1321),#1809);
#1241=STYLED_ITEM('',(#1322),#1810);
#1242=STYLED_ITEM('',(#1323),#1811);
#1243=STYLED_ITEM('',(#1324),#1812);
#1244=STYLED_ITEM('',(#1325),#1813);
#1245=STYLED_ITEM('',(#1326),#1814);
#1246=STYLED_ITEM('',(#1327),#1815);
#1247=STYLED_ITEM('',(#1328),#1816);
#1248=STYLED_ITEM('',(#1329),#1817);
#1249=STYLED_ITEM('',(#1330),#1818);
#1250=STYLED_ITEM('',(#1331),#1819);
#1251=STYLED_ITEM('',(#1332),#1820);
#1252=STYLED_ITEM('',(#1333),#1821);
#1253=STYLED_ITEM('',(#1334),#1822);
#1254=STYLED_ITEM('',(#1335),#1823);
#1255=STYLED_ITEM('',(#1336),#1824);
#1256=STYLED_ITEM('',(#1337),#1825);
#1257=STYLED_ITEM('',(#1338),#1826);
#1258=STYLED_ITEM('',(#1339),#1827);
#1259=STYLED_ITEM('',(#1340),#1828);
#1260=STYLED_ITEM('',(#1341),#1829);
#1261=STYLED_ITEM('',(#1342),#1830);
#1262=STYLED_ITEM('',(#1343),#1831);
#1263=STYLED_ITEM('',(#1344),#1832);
#1264=STYLED_ITEM('',(#1345),#1833);
#1265=STYLED_ITEM('',(#1346),#1834);
#1266=STYLED_ITEM('',(#1347),#1835);
#1267=STYLED_ITEM('',(#1348),#1836);
#1268=STYLED_ITEM('',(#1349),#1837);
#1269=STYLED_ITEM('',(#1350),#1838);
#1270=STYLED_ITEM('',(#1351),#1839);
#1271=STYLED_ITEM('',(#1352),#1840);
#1272=STYLED_ITEM('',(#1353),#1841);
#1273=STYLED_ITEM('',(#1354),#1842);
#1274=STYLED_ITEM('',(#1355),#1843);
#1275=STYLED_ITEM('',(#1356),#1844);
#1276=STYLED_ITEM('',(#1357),#1845);
#1277=STYLED_ITEM('',(#1358),#1846);
#1278=STYLED_ITEM('',(#1359),#1847);
#1279=STYLED_ITEM('',(#1360),#1848);
#1280=STYLED_ITEM('',(#1361),#1849);
#1281=STYLED_ITEM('',(#1362),#1850);
#1282=STYLED_ITEM('',(#1363),#1851);
#1283=STYLED_ITEM('',(#1364),#1852);
#1284=STYLED_ITEM('',(#1365),#1853);
#1285=PRESENTATION_STYLE_ASSIGNMENT((#1366));
#1286=PRESENTATION_STYLE_ASSIGNMENT((#1367));
#1287=PRESENTATION_STYLE_ASSIGNMENT((#1368));
#1288=PRESENTATION_STYLE_ASSIGNMENT((#1369));
#1289=PRESENTATION_STYLE_ASSIGNMENT((#1370));
#1290=PRESENTATION_STYLE_ASSIGNMENT((#1371));
#1291=PRESENTATION_STYLE_ASSIGNMENT((#1372));
#1292=PRESENTATION_STYLE_ASSIGNMENT((#1373));
#1293=PRESENTATION_STYLE_ASSIGNMENT((#1374));
#1294=PRESENTATION_STYLE_ASSIGNMENT((#1375));
#1295=PRESENTATION_STYLE_ASSIGNMENT((#1376));
#1296=PRESENTATION_STYLE_ASSIGNMENT((#1377));
#1297=PRESENTATION_STYLE_ASSIGNMENT((#1378));
#1298=PRESENTATION_STYLE_ASSIGNMENT((#1379));
#1299=PRESENTATION_STYLE_ASSIGNMENT((#1380));
#1300=PRESENTATION_STYLE_ASSIGNMENT((#1381));
#1301=PRESENTATION_STYLE_ASSIGNMENT((#1382));
#1302=PRESENTATION_STYLE_ASSIGNMENT((#1383));
#1303=PRESENTATION_STYLE_ASSIGNMENT((#1384));
#1304=PRESENTATION_STYLE_ASSIGNMENT((#1385));
#1305=PRESENTATION_STYLE_ASSIGNMENT((#1386));
#1306=PRESENTATION_STYLE_ASSIGNMENT((#1387));
#1307=PRESENTATION_STYLE_ASSIGNMENT((#1388));
#1308=PRESENTATION_STYLE_ASSIGNMENT((#1389));
#1309=PRESENTATION_STYLE_ASSIGNMENT((#1390));
#1310=PRESENTATION_STYLE_ASSIGNMENT((#1391));
#1311=PRESENTATION_STYLE_ASSIGNMENT((#1392));
#1312=PRESENTATION_STYLE_ASSIGNMENT((#1393));
#1313=PRESENTATION_STYLE_ASSIGNMENT((#1394));
#1314=PRESENTATION_STYLE_ASSIGNMENT((#1395));
#1315=PRESENTATION_STYLE_ASSIGNMENT((#1396));
#1316=PRESENTATION_STYLE_ASSIGNMENT((#1397));
#1317=PRESENTATION_STYLE_ASSIGNMENT((#1398));
#1318=PRESENTATION_STYLE_ASSIGNMENT((#1399));
#1319=PRESENTATION_STYLE_ASSIGNMENT((#1400));
#1320=PRESENTATION_STYLE_ASSIGNMENT((#1401));
#1321=PRESENTATION_STYLE_ASSIGNMENT((#1402));
#1322=PRESENTATION_STYLE_ASSIGNMENT((#1403));
#1323=PRESENTATION_STYLE_ASSIGNMENT((#1404));
#1324=PRESENTATION_STYLE_ASSIGNMENT((#1405));
#1325=PRESENTATION_STYLE_ASSIGNMENT((#1406));
#1326=PRESENTATION_STYLE_ASSIGNMENT((#1407));
#1327=PRESENTATION_STYLE_ASSIGNMENT((#1408));
#1328=PRESENTATION_STYLE_ASSIGNMENT((#1409));
#1329=PRESENTATION_STYLE_ASSIGNMENT((#1410));
#1330=PRESENTATION_STYLE_ASSIGNMENT((#1411));
#1331=PRESENTATION_STYLE_ASSIGNMENT((#1412));
#1332=PRESENTATION_STYLE_ASSIGNMENT((#1413));
#1333=PRESENTATION_STYLE_ASSIGNMENT((#1414));
#1334=PRESENTATION_STYLE_ASSIGNMENT((#1415));
#1335=PRESENTATION_STYLE_ASSIGNMENT((#1416));
#1336=PRESENTATION_STYLE_ASSIGNMENT((#1417));
#1337=PRESENTATION_STYLE_ASSIGNMENT((#1418));
#1338=PRESENTATION_STYLE_ASSIGNMENT((#1419));
#1339=PRESENTATION_STYLE_ASSIGNMENT((#1420));
#1340=PRESENTATION_STYLE_ASSIGNMENT((#1421));
#1341=PRESENTATION_STYLE_ASSIGNMENT((#1422));
#1342=PRESENTATION_STYLE_ASSIGNMENT((#1423));
#1343=PRESENTATION_STYLE_ASSIGNMENT((#1424));
#1344=PRESENTATION_STYLE_ASSIGNMENT((#1425));
#1345=PRESENTATION_STYLE_ASSIGNMENT((#1426));
#1346=PRESENTATION_STYLE_ASSIGNMENT((#1427));
#1347=PRESENTATION_STYLE_ASSIGNMENT((#1428));
#1348=PRESENTATION_STYLE_ASSIGNMENT((#1429));
#1349=PRESENTATION_STYLE_ASSIGNMENT((#1430));
#1350=PRESENTATION_STYLE_ASSIGNMENT((#1431));
#1351=PRESENTATION_STYLE_ASSIGNMENT((#1432));
#1352=PRESENTATION_STYLE_ASSIGNMENT((#1433));
#1353=PRESENTATION_STYLE_ASSIGNMENT((#1434));
#1354=PRESENTATION_STYLE_ASSIGNMENT((#1435));
#1355=PRESENTATION_STYLE_ASSIGNMENT((#1436));
#1356=PRESENTATION_STYLE_ASSIGNMENT((#1437));
#1357=PRESENTATION_STYLE_ASSIGNMENT((#1438));
#1358=PRESENTATION_STYLE_ASSIGNMENT((#1439));
#1359=PRESENTATION_STYLE_ASSIGNMENT((#1440));
#1360=PRESENTATION_STYLE_ASSIGNMENT((#1441));
#1361=PRESENTATION_STYLE_ASSIGNMENT((#1442));
#1362=PRESENTATION_STYLE_ASSIGNMENT((#1443));
#1363=PRESENTATION_STYLE_ASSIGNMENT((#1444));
#1364=PRESENTATION_STYLE_ASSIGNMENT((#1445));
#1365=PRESENTATION_STYLE_ASSIGNMENT((#1446));
#1366=SURFACE_STYLE_USAGE(.BOTH.,#1447);
#1367=SURFACE_STYLE_USAGE(.BOTH.,#1448);
#1368=SURFACE_STYLE_USAGE(.BOTH.,#1449);
#1369=SURFACE_STYLE_USAGE(.BOTH.,#1450);
#1370=SURFACE_STYLE_USAGE(.BOTH.,#1451);
#1371=SURFACE_STYLE_USAGE(.BOTH.,#1452);
#1372=SURFACE_STYLE_USAGE(.BOTH.,#1453);
#1373=SURFACE_STYLE_USAGE(.BOTH.,#1454);
#1374=SURFACE_STYLE_USAGE(.BOTH.,#1455);
#1375=SURFACE_STYLE_USAGE(.BOTH.,#1456);
#1376=SURFACE_STYLE_USAGE(.BOTH.,#1457);
#1377=SURFACE_STYLE_USAGE(.BOTH.,#1458);
#1378=SURFACE_STYLE_USAGE(.BOTH.,#1459);
#1379=SURFACE_STYLE_USAGE(.BOTH.,#1460);
#1380=SURFACE_STYLE_USAGE(.BOTH.,#1461);
#1381=SURFACE_STYLE_USAGE(.BOTH.,#1462);
#1382=SURFACE_STYLE_USAGE(.BOTH.,#1463);
#1383=SURFACE_STYLE_USAGE(.BOTH.,#1464);
#1384=SURFACE_STYLE_USAGE(.BOTH.,#1465);
#1385=SURFACE_STYLE_USAGE(.BOTH.,#1466);
#1386=SURFACE_STYLE_USAGE(.BOTH.,#1467);
#1387=SURFACE_STYLE_USAGE(.BOTH.,#1468);
#1388=SURFACE_STYLE_USAGE(.BOTH.,#1469);
#1389=SURFACE_STYLE_USAGE(.BOTH.,#1470);
#1390=SURFACE_STYLE_USAGE(.BOTH.,#1471);
#1391=SURFACE_STYLE_USAGE(.BOTH.,#1472);
#1392=SURFACE_STYLE_USAGE(.BOTH.,#1473);
#1393=SURFACE_STYLE_USAGE(.BOTH.,#1474);
#1394=SURFACE_STYLE_USAGE(.BOTH.,#1475);
#1395=SURFACE_STYLE_USAGE(.BOTH.,#1476);
#1396=SURFACE_STYLE_USAGE(.BOTH.,#1477);
#1397=SURFACE_STYLE_USAGE(.BOTH.,#1478);
#1398=SURFACE_STYLE_USAGE(.BOTH.,#1479);
#1399=SURFACE_STYLE_USAGE(.BOTH.,#1480);
#1400=SURFACE_STYLE_USAGE(.BOTH.,#1481);
#1401=SURFACE_STYLE_USAGE(.BOTH.,#1482);
#1402=SURFACE_STYLE_USAGE(.BOTH.,#1483);
#1403=SURFACE_STYLE_USAGE(.BOTH.,#1484);
#1404=SURFACE_STYLE_USAGE(.BOTH.,#1485);
#1405=SURFACE_STYLE_USAGE(.BOTH.,#1486);
#1406=SURFACE_STYLE_USAGE(.BOTH.,#1487);
#1407=SURFACE_STYLE_USAGE(.BOTH.,#1488);
#1408=SURFACE_STYLE_USAGE(.BOTH.,#1489);
#1409=SURFACE_STYLE_USAGE(.BOTH.,#1490);
#1410=SURFACE_STYLE_USAGE(.BOTH.,#1491);
#1411=SURFACE_STYLE_USAGE(.BOTH.,#1492);
#1412=SURFACE_STYLE_USAGE(.BOTH.,#1493);
#1413=SURFACE_STYLE_USAGE(.BOTH.,#1494);
#1414=SURFACE_STYLE_USAGE(.BOTH.,#1495);
#1415=SURFACE_STYLE_USAGE(.BOTH.,#1496);
#1416=SURFACE_STYLE_USAGE(.BOTH.,#1497);
#1417=SURFACE_STYLE_USAGE(.BOTH.,#1498);
#1418=SURFACE_STYLE_USAGE(.BOTH.,#1499);
#1419=SURFACE_STYLE_USAGE(.BOTH.,#1500);
#1420=SURFACE_STYLE_USAGE(.BOTH.,#1501);
#1421=SURFACE_STYLE_USAGE(.BOTH.,#1502);
#1422=SURFACE_STYLE_USAGE(.BOTH.,#1503);
#1423=SURFACE_STYLE_USAGE(.BOTH.,#1504);
#1424=SURFACE_STYLE_USAGE(.BOTH.,#1505);
#1425=SURFACE_STYLE_USAGE(.BOTH.,#1506);
#1426=SURFACE_STYLE_USAGE(.BOTH.,#1507);
#1427=SURFACE_STYLE_USAGE(.BOTH.,#1508);
#1428=SURFACE_STYLE_USAGE(.BOTH.,#1509);
#1429=SURFACE_STYLE_USAGE(.BOTH.,#1510);
#1430=SURFACE_STYLE_USAGE(.BOTH.,#1511);
#1431=SURFACE_STYLE_USAGE(.BOTH.,#1512);
#1432=SURFACE_STYLE_USAGE(.BOTH.,#1513);
#1433=SURFACE_STYLE_USAGE(.BOTH.,#1514);
#1434=SURFACE_STYLE_USAGE(.BOTH.,#1515);
#1435=SURFACE_STYLE_USAGE(.BOTH.,#1516);
#1436=SURFACE_STYLE_USAGE(.BOTH.,#1517);
#1437=SURFACE_STYLE_USAGE(.BOTH.,#1518);
#1438=SURFACE_STYLE_USAGE(.BOTH.,#1519);
#1439=SURFACE_STYLE_USAGE(.BOTH.,#1520);
#1440=SURFACE_STYLE_USAGE(.BOTH.,#1521);
#1441=SURFACE_STYLE_USAGE(.BOTH.,#1522);
#1442=SURFACE_STYLE_USAGE(.BOTH.,#1523);
#1443=SURFACE_STYLE_USAGE(.BOTH.,#1524);
#1444=SURFACE_STYLE_USAGE(.BOTH.,#1525);
#1445=SURFACE_STYLE_USAGE(.BOTH.,#1526);
#1446=SURFACE_STYLE_USAGE(.BOTH.,#1527);
#1447=SURFACE_SIDE_STYLE('',(#1528));
#1448=SURFACE_SIDE_STYLE('',(#1529));
#1449=SURFACE_SIDE_STYLE('',(#1530));
#1450=SURFACE_SIDE_STYLE('',(#1531));
#1451=SURFACE_SIDE_STYLE('',(#1532));
#1452=SURFACE_SIDE_STYLE('',(#1533));
#1453=SURFACE_SIDE_STYLE('',(#1534));
#1454=SURFACE_SIDE_STYLE('',(#1535));
#1455=SURFACE_SIDE_STYLE('',(#1536));
#1456=SURFACE_SIDE_STYLE('',(#1537));
#1457=SURFACE_SIDE_STYLE('',(#1538));
#1458=SURFACE_SIDE_STYLE('',(#1539));
#1459=SURFACE_SIDE_STYLE('',(#1540));
#1460=SURFACE_SIDE_STYLE('',(#1541));
#1461=SURFACE_SIDE_STYLE('',(#1542));
#1462=SURFACE_SIDE_STYLE('',(#1543));
#1463=SURFACE_SIDE_STYLE('',(#1544));
#1464=SURFACE_SIDE_STYLE('',(#1545));
#1465=SURFACE_SIDE_STYLE('',(#1546));
#1466=SURFACE_SIDE_STYLE('',(#1547));
#1467=SURFACE_SIDE_STYLE('',(#1548));
#1468=SURFACE_SIDE_STYLE('',(#1549));
#1469=SURFACE_SIDE_STYLE('',(#1550));
#1470=SURFACE_SIDE_STYLE('',(#1551));
#1471=SURFACE_SIDE_STYLE('',(#1552));
#1472=SURFACE_SIDE_STYLE('',(#1553));
#1473=SURFACE_SIDE_STYLE('',(#1554));
#1474=SURFACE_SIDE_STYLE('',(#1555));
#1475=SURFACE_SIDE_STYLE('',(#1556));
#1476=SURFACE_SIDE_STYLE('',(#1557));
#1477=SURFACE_SIDE_STYLE('',(#1558));
#1478=SURFACE_SIDE_STYLE('',(#1559));
#1479=SURFACE_SIDE_STYLE('',(#1560));
#1480=SURFACE_SIDE_STYLE('',(#1561));
#1481=SURFACE_SIDE_STYLE('',(#1562));
#1482=SURFACE_SIDE_STYLE('',(#1563));
#1483=SURFACE_SIDE_STYLE('',(#1564));
#1484=SURFACE_SIDE_STYLE('',(#1565));
#1485=SURFACE_SIDE_STYLE('',(#1566));
#1486=SURFACE_SIDE_STYLE('',(#1567));
#1487=SURFACE_SIDE_STYLE('',(#1568));
#1488=SURFACE_SIDE_STYLE('',(#1569));
#1489=SURFACE_SIDE_STYLE('',(#1570));
#1490=SURFACE_SIDE_STYLE('',(#1571));
#1491=SURFACE_SIDE_STYLE('',(#1572));
#1492=SURFACE_SIDE_STYLE('',(#1573));
#1493=SURFACE_SIDE_STYLE('',(#1574));
#1494=SURFACE_SIDE_STYLE('',(#1575));
#1495=SURFACE_SIDE_STYLE('',(#1576));
#1496=SURFACE_SIDE_STYLE('',(#1577));
#1497=SURFACE_SIDE_STYLE('',(#1578));
#1498=SURFACE_SIDE_STYLE('',(#1579));
#1499=SURFACE_SIDE_STYLE('',(#1580));
#1500=SURFACE_SIDE_STYLE('',(#1581));
#1501=SURFACE_SIDE_STYLE('',(#1582));
#1502=SURFACE_SIDE_STYLE('',(#1583));
#1503=SURFACE_SIDE_STYLE('',(#1584));
#1504=SURFACE_SIDE_STYLE('',(#1585));
#1505=SURFACE_SIDE_STYLE('',(#1586));
#1506=SURFACE_SIDE_STYLE('',(#1587));
#1507=SURFACE_SIDE_STYLE('',(#1588));
#1508=SURFACE_SIDE_STYLE('',(#1589));
#1509=SURFACE_SIDE_STYLE('',(#1590));
#1510=SURFACE_SIDE_STYLE('',(#1591));
#1511=SURFACE_SIDE_STYLE('',(#1592));
#1512=SURFACE_SIDE_STYLE('',(#1593));
#1513=SURFACE_SIDE_STYLE('',(#1594));
#1514=SURFACE_SIDE_STYLE('',(#1595));
#1515=SURFACE_SIDE_STYLE('',(#1596));
#1516=SURFACE_SIDE_STYLE('',(#1597));
#1517=SURFACE_SIDE_STYLE('',(#1598));
#1518=SURFACE_SIDE_STYLE('',(#1599));
#1519=SURFACE_SIDE_STYLE('',(#1600));
#1520=SURFACE_SIDE_STYLE('',(#1601));
#1521=SURFACE_SIDE_STYLE('',(#1602));
#1522=SURFACE_SIDE_STYLE('',(#1603));
#1523=SURFACE_SIDE_STYLE('',(#1604));
#1524=SURFACE_SIDE_STYLE('',(#1605));
#1525=SURFACE_SIDE_STYLE('',(#1606));
#1526=SURFACE_SIDE_STYLE('',(#1607));
#1527=SURFACE_SIDE_STYLE('',(#1608));
#1528=SURFACE_STYLE_FILL_AREA(#1609);
#1529=SURFACE_STYLE_FILL_AREA(#1610);
#1530=SURFACE_STYLE_FILL_AREA(#1611);
#1531=SURFACE_STYLE_FILL_AREA(#1612);
#1532=SURFACE_STYLE_FILL_AREA(#1613);
#1533=SURFACE_STYLE_FILL_AREA(#1614);
#1534=SURFACE_STYLE_FILL_AREA(#1615);
#1535=SURFACE_STYLE_FILL_AREA(#1616);
#1536=SURFACE_STYLE_FILL_AREA(#1617);
#1537=SURFACE_STYLE_FILL_AREA(#1618);
#1538=SURFACE_STYLE_FILL_AREA(#1619);
#1539=SURFACE_STYLE_FILL_AREA(#1620);
#1540=SURFACE_STYLE_FILL_AREA(#1621);
#1541=SURFACE_STYLE_FILL_AREA(#1622);
#1542=SURFACE_STYLE_FILL_AREA(#1623);
#1543=SURFACE_STYLE_FILL_AREA(#1624);
#1544=SURFACE_STYLE_FILL_AREA(#1625);
#1545=SURFACE_STYLE_FILL_AREA(#1626);
#1546=SURFACE_STYLE_FILL_AREA(#1627);
#1547=SURFACE_STYLE_FILL_AREA(#1628);
#1548=SURFACE_STYLE_FILL_AREA(#1629);
#1549=SURFACE_STYLE_FILL_AREA(#1630);
#1550=SURFACE_STYLE_FILL_AREA(#1631);
#1551=SURFACE_STYLE_FILL_AREA(#1632);
#1552=SURFACE_STYLE_FILL_AREA(#1633);
#1553=SURFACE_STYLE_FILL_AREA(#1634);
#1554=SURFACE_STYLE_FILL_AREA(#1635);
#1555=SURFACE_STYLE_FILL_AREA(#1636);
#1556=SURFACE_STYLE_FILL_AREA(#1637);
#1557=SURFACE_STYLE_FILL_AREA(#1638);
#1558=SURFACE_STYLE_FILL_AREA(#1639);
#1559=SURFACE_STYLE_FILL_AREA(#1640);
#1560=SURFACE_STYLE_FILL_AREA(#1641);
#1561=SURFACE_STYLE_FILL_AREA(#1642);
#1562=SURFACE_STYLE_FILL_AREA(#1643);
#1563=SURFACE_STYLE_FILL_AREA(#1644);
#1564=SURFACE_STYLE_FILL_AREA(#1645);
#1565=SURFACE_STYLE_FILL_AREA(#1646);
#1566=SURFACE_STYLE_FILL_AREA(#1647);
#1567=SURFACE_STYLE_FILL_AREA(#1648);
#1568=SURFACE_STYLE_FILL_AREA(#1649);
#1569=SURFACE_STYLE_FILL_AREA(#1650);
#1570=SURFACE_STYLE_FILL_AREA(#1651);
#1571=SURFACE_STYLE_FILL_AREA(#1652);
#1572=SURFACE_STYLE_FILL_AREA(#1653);
#1573=SURFACE_STYLE_FILL_AREA(#1654);
#1574=SURFACE_STYLE_FILL_AREA(#1655);
#1575=SURFACE_STYLE_FILL_AREA(#1656);
#1576=SURFACE_STYLE_FILL_AREA(#1657);
#1577=SURFACE_STYLE_FILL_AREA(#1658);
#1578=SURFACE_STYLE_FILL_AREA(#1659);
#1579=SURFACE_STYLE_FILL_AREA(#1660);
#1580=SURFACE_STYLE_FILL_AREA(#1661);
#1581=SURFACE_STYLE_FILL_AREA(#1662);
#1582=SURFACE_STYLE_FILL_AREA(#1663);
#1583=SURFACE_STYLE_FILL_AREA(#1664);
#1584=SURFACE_STYLE_FILL_AREA(#1665);
#1585=SURFACE_STYLE_FILL_AREA(#1666);
#1586=SURFACE_STYLE_FILL_AREA(#1667);
#1587=SURFACE_STYLE_FILL_AREA(#1668);
#1588=SURFACE_STYLE_FILL_AREA(#1669);
#1589=SURFACE_STYLE_FILL_AREA(#1670);
#1590=SURFACE_STYLE_FILL_AREA(#1671);
#1591=SURFACE_STYLE_FILL_AREA(#1672);
#1592=SURFACE_STYLE_FILL_AREA(#1673);
#1593=SURFACE_STYLE_FILL_AREA(#1674);
#1594=SURFACE_STYLE_FILL_AREA(#1675);
#1595=SURFACE_STYLE_FILL_AREA(#1676);
#1596=SURFACE_STYLE_FILL_AREA(#1677);
#1597=SURFACE_STYLE_FILL_AREA(#1678);
#1598=SURFACE_STYLE_FILL_AREA(#1679);
#1599=SURFACE_STYLE_FILL_AREA(#1680);
#1600=SURFACE_STYLE_FILL_AREA(#1681);
#1601=SURFACE_STYLE_FILL_AREA(#1682);
#1602=SURFACE_STYLE_FILL_AREA(#1683);
#1603=SURFACE_STYLE_FILL_AREA(#1684);
#1604=SURFACE_STYLE_FILL_AREA(#1685);
#1605=SURFACE_STYLE_FILL_AREA(#1686);
#1606=SURFACE_STYLE_FILL_AREA(#1687);
#1607=SURFACE_STYLE_FILL_AREA(#1688);
#1608=SURFACE_STYLE_FILL_AREA(#1689);
#1609=FILL_AREA_STYLE('',(#1690));
#1610=FILL_AREA_STYLE('',(#1691));
#1611=FILL_AREA_STYLE('',(#1692));
#1612=FILL_AREA_STYLE('',(#1693));
#1613=FILL_AREA_STYLE('',(#1694));
#1614=FILL_AREA_STYLE('',(#1695));
#1615=FILL_AREA_STYLE('',(#1696));
#1616=FILL_AREA_STYLE('',(#1697));
#1617=FILL_AREA_STYLE('',(#1698));
#1618=FILL_AREA_STYLE('',(#1699));
#1619=FILL_AREA_STYLE('',(#1700));
#1620=FILL_AREA_STYLE('',(#1701));
#1621=FILL_AREA_STYLE('',(#1702));
#1622=FILL_AREA_STYLE('',(#1703));
#1623=FILL_AREA_STYLE('',(#1704));
#1624=FILL_AREA_STYLE('',(#1705));
#1625=FILL_AREA_STYLE('',(#1706));
#1626=FILL_AREA_STYLE('',(#1707));
#1627=FILL_AREA_STYLE('',(#1708));
#1628=FILL_AREA_STYLE('',(#1709));
#1629=FILL_AREA_STYLE('',(#1710));
#1630=FILL_AREA_STYLE('',(#1711));
#1631=FILL_AREA_STYLE('',(#1712));
#1632=FILL_AREA_STYLE('',(#1713));
#1633=FILL_AREA_STYLE('',(#1714));
#1634=FILL_AREA_STYLE('',(#1715));
#1635=FILL_AREA_STYLE('',(#1716));
#1636=FILL_AREA_STYLE('',(#1717));
#1637=FILL_AREA_STYLE('',(#1718));
#1638=FILL_AREA_STYLE('',(#1719));
#1639=FILL_AREA_STYLE('',(#1720));
#1640=FILL_AREA_STYLE('',(#1721));
#1641=FILL_AREA_STYLE('',(#1722));
#1642=FILL_AREA_STYLE('',(#1723));
#1643=FILL_AREA_STYLE('',(#1724));
#1644=FILL_AREA_STYLE('',(#1725));
#1645=FILL_AREA_STYLE('',(#1726));
#1646=FILL_AREA_STYLE('',(#1727));
#1647=FILL_AREA_STYLE('',(#1728));
#1648=FILL_AREA_STYLE('',(#1729));
#1649=FILL_AREA_STYLE('',(#1730));
#1650=FILL_AREA_STYLE('',(#1731));
#1651=FILL_AREA_STYLE('',(#1732));
#1652=FILL_AREA_STYLE('',(#1733));
#1653=FILL_AREA_STYLE('',(#1734));
#1654=FILL_AREA_STYLE('',(#1735));
#1655=FILL_AREA_STYLE('',(#1736));
#1656=FILL_AREA_STYLE('',(#1737));
#1657=FILL_AREA_STYLE('',(#1738));
#1658=FILL_AREA_STYLE('',(#1739));
#1659=FILL_AREA_STYLE('',(#1740));
#1660=FILL_AREA_STYLE('',(#1741));
#1661=FILL_AREA_STYLE('',(#1742));
#1662=FILL_AREA_STYLE('',(#1743));
#1663=FILL_AREA_STYLE('',(#1744));
#1664=FILL_AREA_STYLE('',(#1745));
#1665=FILL_AREA_STYLE('',(#1746));
#1666=FILL_AREA_STYLE('',(#1747));
#1667=FILL_AREA_STYLE('',(#1748));
#1668=FILL_AREA_STYLE('',(#1749));
#1669=FILL_AREA_STYLE('',(#1750));
#1670=FILL_AREA_STYLE('',(#1751));
#1671=FILL_AREA_STYLE('',(#1752));
#1672=FILL_AREA_STYLE('',(#1753));
#1673=FILL_AREA_STYLE('',(#1754));
#1674=FILL_AREA_STYLE('',(#1755));
#1675=FILL_AREA_STYLE('',(#1756));
#1676=FILL_AREA_STYLE('',(#1757));
#1677=FILL_AREA_STYLE('',(#1758));
#1678=FILL_AREA_STYLE('',(#1759));
#1679=FILL_AREA_STYLE('',(#1760));
#1680=FILL_AREA_STYLE('',(#1761));
#1681=FILL_AREA_STYLE('',(#1762));
#1682=FILL_AREA_STYLE('',(#1763));
#1683=FILL_AREA_STYLE('',(#1764));
#1684=FILL_AREA_STYLE('',(#1765));
#1685=FILL_AREA_STYLE('',(#1766));
#1686=FILL_AREA_STYLE('',(#1767));
#1687=FILL_AREA_STYLE('',(#1768));
#1688=FILL_AREA_STYLE('',(#1769));
#1689=FILL_AREA_STYLE('',(#1770));
#1690=FILL_AREA_STYLE_COLOUR('',#1771);
#1691=FILL_AREA_STYLE_COLOUR('',#1771);
#1692=FILL_AREA_STYLE_COLOUR('',#1771);
#1693=FILL_AREA_STYLE_COLOUR('',#1771);
#1694=FILL_AREA_STYLE_COLOUR('',#1771);
#1695=FILL_AREA_STYLE_COLOUR('',#1771);
#1696=FILL_AREA_STYLE_COLOUR('',#1771);
#1697=FILL_AREA_STYLE_COLOUR('',#1771);
#1698=FILL_AREA_STYLE_COLOUR('',#1771);
#1699=FILL_AREA_STYLE_COLOUR('',#1771);
#1700=FILL_AREA_STYLE_COLOUR('',#1771);
#1701=FILL_AREA_STYLE_COLOUR('',#1771);
#1702=FILL_AREA_STYLE_COLOUR('',#1771);
#1703=FILL_AREA_STYLE_COLOUR('',#1771);
#1704=FILL_AREA_STYLE_COLOUR('',#1771);
#1705=FILL_AREA_STYLE_COLOUR('',#1771);
#1706=FILL_AREA_STYLE_COLOUR('',#1771);
#1707=FILL_AREA_STYLE_COLOUR('',#1771);
#1708=FILL_AREA_STYLE_COLOUR('',#1771);
#1709=FILL_AREA_STYLE_COLOUR('',#1771);
#1710=FILL_AREA_STYLE_COLOUR('',#1771);
#1711=FILL_AREA_STYLE_COLOUR('',#1771);
#1712=FILL_AREA_STYLE_COLOUR('',#1771);
#1713=FILL_AREA_STYLE_COLOUR('',#1771);
#1714=FILL_AREA_STYLE_COLOUR('',#1771);
#1715=FILL_AREA_STYLE_COLOUR('',#1771);
#1716=FILL_AREA_STYLE_COLOUR('',#1771);
#1717=FILL_AREA_STYLE_COLOUR('',#1771);
#1718=FILL_AREA_STYLE_COLOUR('',#1771);
#1719=FILL_AREA_STYLE_COLOUR('',#1771);
#1720=FILL_AREA_STYLE_COLOUR('',#1771);
#1721=FILL_AREA_STYLE_COLOUR('',#1771);
#1722=FILL_AREA_STYLE_COLOUR('',#1771);
#1723=FILL_AREA_STYLE_COLOUR('',#1771);
#1724=FILL_AREA_STYLE_COLOUR('',#1771);
#1725=FILL_AREA_STYLE_COLOUR('',#1771);
#1726=FILL_AREA_STYLE_COLOUR('',#1771);
#1727=FILL_AREA_STYLE_COLOUR('',#1771);
#1728=FILL_AREA_STYLE_COLOUR('',#1771);
#1729=FILL_AREA_STYLE_COLOUR('',#1771);
#1730=FILL_AREA_STYLE_COLOUR('',#1771);
#1731=FILL_AREA_STYLE_COLOUR('',#1771);
#1732=FILL_AREA_STYLE_COLOUR('',#1772);
#1733=FILL_AREA_STYLE_COLOUR('',#1771);
#1734=FILL_AREA_STYLE_COLOUR('',#1772);
#1735=FILL_AREA_STYLE_COLOUR('',#1771);
#1736=FILL_AREA_STYLE_COLOUR('',#1771);
#1737=FILL_AREA_STYLE_COLOUR('',#1771);
#1738=FILL_AREA_STYLE_COLOUR('',#1771);
#1739=FILL_AREA_STYLE_COLOUR('',#1771);
#1740=FILL_AREA_STYLE_COLOUR('',#1771);
#1741=FILL_AREA_STYLE_COLOUR('',#1771);
#1742=FILL_AREA_STYLE_COLOUR('',#1771);
#1743=FILL_AREA_STYLE_COLOUR('',#1771);
#1744=FILL_AREA_STYLE_COLOUR('',#1771);
#1745=FILL_AREA_STYLE_COLOUR('',#1771);
#1746=FILL_AREA_STYLE_COLOUR('',#1771);
#1747=FILL_AREA_STYLE_COLOUR('',#1771);
#1748=FILL_AREA_STYLE_COLOUR('',#1771);
#1749=FILL_AREA_STYLE_COLOUR('',#1771);
#1750=FILL_AREA_STYLE_COLOUR('',#1771);
#1751=FILL_AREA_STYLE_COLOUR('',#1771);
#1752=FILL_AREA_STYLE_COLOUR('',#1771);
#1753=FILL_AREA_STYLE_COLOUR('',#1771);
#1754=FILL_AREA_STYLE_COLOUR('',#1771);
#1755=FILL_AREA_STYLE_COLOUR('',#1771);
#1756=FILL_AREA_STYLE_COLOUR('',#1771);
#1757=FILL_AREA_STYLE_COLOUR('',#1771);
#1758=FILL_AREA_STYLE_COLOUR('',#1771);
#1759=FILL_AREA_STYLE_COLOUR('',#1771);
#1760=FILL_AREA_STYLE_COLOUR('',#1771);
#1761=FILL_AREA_STYLE_COLOUR('',#1771);
#1762=FILL_AREA_STYLE_COLOUR('',#1771);
#1763=FILL_AREA_STYLE_COLOUR('',#1771);
#1764=FILL_AREA_STYLE_COLOUR('',#1771);
#1765=FILL_AREA_STYLE_COLOUR('',#1771);
#1766=FILL_AREA_STYLE_COLOUR('',#1771);
#1767=FILL_AREA_STYLE_COLOUR('',#1771);
#1768=FILL_AREA_STYLE_COLOUR('',#1771);
#1769=FILL_AREA_STYLE_COLOUR('',#1771);
#1770=FILL_AREA_STYLE_COLOUR('',#1771);
#1771=COLOUR_RGB('',0.645180702209473,0.678915679454803,0.699999988079071);
#1772=COLOUR_RGB('',0.1875,0.75,0.581249892711639);
#1773=ADVANCED_FACE('',(#1053),#1169,.F.);
#1774=ADVANCED_FACE('',(#1054),#23,.F.);
#1775=ADVANCED_FACE('',(#1055),#1170,.F.);
#1776=ADVANCED_FACE('',(#1056),#24,.F.);
#1777=ADVANCED_FACE('',(#1057),#25,.T.);
#1778=ADVANCED_FACE('',(#1058),#1171,.F.);
#1779=ADVANCED_FACE('',(#1059),#26,.F.);
#1780=ADVANCED_FACE('',(#1060),#1172,.F.);
#1781=ADVANCED_FACE('',(#1061),#27,.F.);
#1782=ADVANCED_FACE('',(#1062),#28,.T.);
#1783=ADVANCED_FACE('',(#1063),#1173,.F.);
#1784=ADVANCED_FACE('',(#1064),#29,.F.);
#1785=ADVANCED_FACE('',(#1065),#1174,.F.);
#1786=ADVANCED_FACE('',(#1066),#30,.F.);
#1787=ADVANCED_FACE('',(#1067),#31,.T.);
#1788=ADVANCED_FACE('',(#1068,#1069),#1175,.F.);
#1789=ADVANCED_FACE('',(#1070),#1176,.F.);
#1790=ADVANCED_FACE('',(#1071),#1177,.T.);
#1791=ADVANCED_FACE('',(#1072),#1178,.F.);
#1792=ADVANCED_FACE('',(#1073),#1179,.F.);
#1793=ADVANCED_FACE('',(#1074),#32,.T.);
#1794=ADVANCED_FACE('',(#1075),#1180,.F.);
#1795=ADVANCED_FACE('',(#1076),#1181,.F.);
#1796=ADVANCED_FACE('',(#1077),#1182,.F.);
#1797=ADVANCED_FACE('',(#1078),#1183,.T.);
#1798=ADVANCED_FACE('',(#1079),#33,.F.);
#1799=ADVANCED_FACE('',(#1080,#1081,#1082,#1083,#1084,#1085,#1086,#1087,
#1088),#34,.T.);
#1800=ADVANCED_FACE('',(#1089,#1090,#1091,#1092),#35,.T.);
#1801=ADVANCED_FACE('',(#1093,#1094),#1184,.T.);
#1802=ADVANCED_FACE('',(#1095,#1096),#36,.T.);
#1803=ADVANCED_FACE('',(#1097,#1098),#1185,.T.);
#1804=ADVANCED_FACE('',(#1099),#37,.T.);
#1805=ADVANCED_FACE('',(#1100),#38,.T.);
#1806=ADVANCED_FACE('',(#1101,#1102),#1186,.T.);
#1807=ADVANCED_FACE('',(#1103,#1104),#39,.T.);
#1808=ADVANCED_FACE('',(#1105,#1106),#1187,.T.);
#1809=ADVANCED_FACE('',(#1107,#1108,#1109,#1110,#1111,#1112,#1113),#1188,
 .T.);
#1810=ADVANCED_FACE('',(#1114),#40,.T.);
#1811=ADVANCED_FACE('',(#1115),#1189,.T.);
#1812=ADVANCED_FACE('',(#1116),#41,.T.);
#1813=ADVANCED_FACE('',(#1117,#1118),#20,.T.);
#1814=ADVANCED_FACE('',(#1119),#42,.F.);
#1815=ADVANCED_FACE('',(#1120,#1121),#1190,.F.);
#1816=ADVANCED_FACE('',(#1122),#43,.F.);
#1817=ADVANCED_FACE('',(#1123,#1124),#1191,.F.);
#1818=ADVANCED_FACE('',(#1125),#1192,.F.);
#1819=ADVANCED_FACE('',(#1126),#1193,.T.);
#1820=ADVANCED_FACE('',(#1127),#1194,.F.);
#1821=ADVANCED_FACE('',(#1128),#1195,.F.);
#1822=ADVANCED_FACE('',(#1129),#44,.T.);
#1823=ADVANCED_FACE('',(#1130),#1196,.F.);
#1824=ADVANCED_FACE('',(#1131),#1197,.F.);
#1825=ADVANCED_FACE('',(#1132),#1198,.F.);
#1826=ADVANCED_FACE('',(#1133),#1199,.T.);
#1827=ADVANCED_FACE('',(#1134),#45,.F.);
#1828=ADVANCED_FACE('',(#1135),#1200,.F.);
#1829=ADVANCED_FACE('',(#1136),#46,.F.);
#1830=ADVANCED_FACE('',(#1137),#1201,.F.);
#1831=ADVANCED_FACE('',(#1138),#47,.F.);
#1832=ADVANCED_FACE('',(#1139),#48,.T.);
#1833=ADVANCED_FACE('',(#1140),#49,.T.);
#1834=ADVANCED_FACE('',(#1141,#1142),#50,.T.);
#1835=ADVANCED_FACE('',(#1143),#51,.T.);
#1836=ADVANCED_FACE('',(#1144,#1145),#52,.T.);
#1837=ADVANCED_FACE('',(#1146),#53,.F.);
#1838=ADVANCED_FACE('',(#1147),#54,.T.);
#1839=ADVANCED_FACE('',(#1148,#1149),#55,.T.);
#1840=ADVANCED_FACE('',(#1150),#56,.T.);
#1841=ADVANCED_FACE('',(#1151,#1152),#57,.T.);
#1842=ADVANCED_FACE('',(#1153),#58,.F.);
#1843=ADVANCED_FACE('',(#1154,#1155),#1202,.F.);
#1844=ADVANCED_FACE('',(#1156),#59,.T.);
#1845=ADVANCED_FACE('',(#1157),#60,.T.);
#1846=ADVANCED_FACE('',(#1158),#61,.T.);
#1847=ADVANCED_FACE('',(#1159),#62,.T.);
#1848=ADVANCED_FACE('',(#1160,#1161),#21,.T.);
#1849=ADVANCED_FACE('',(#1162,#1163),#22,.T.);
#1850=ADVANCED_FACE('',(#1164),#63,.F.);
#1851=ADVANCED_FACE('',(#1165),#64,.F.);
#1852=ADVANCED_FACE('',(#1166,#1167),#1203,.F.);
#1853=ADVANCED_FACE('',(#1168),#65,.F.);
#1854=CLOSED_SHELL('',(#1773,#1774,#1775,#1776,#1777,#1778,#1779,#1780,
#1781,#1782,#1783,#1784,#1785,#1786,#1787,#1788,#1789,#1790,#1791,#1792,
#1793,#1794,#1795,#1796,#1797,#1798,#1799,#1800,#1801,#1802,#1803,#1804,
#1805,#1806,#1807,#1808,#1809,#1810,#1811,#1812,#1813,#1814,#1815,#1816,
#1817,#1818,#1819,#1820,#1821,#1822,#1823,#1824,#1825,#1826,#1827,#1828,
#1829,#1830,#1831,#1832,#1833,#1834,#1835,#1836,#1837,#1838,#1839,#1840,
#1841,#1842,#1843,#1844,#1845,#1846,#1847,#1848,#1849,#1850,#1851,#1852,
#1853));
#1855=MANIFOLD_SOLID_BREP('',#1854);
#1856=SHAPE_DEFINITION_REPRESENTATION(#2851,#1857);
#1857=SHAPE_REPRESENTATION('Transmotec-CAD-770',(#1858),#2846);
#1858=AXIS2_PLACEMENT_3D('',#2413,#2015,#2016);
#1859=AXIS2_PLACEMENT_3D('',#2414,#2017,#2018);
#1860=AXIS2_PLACEMENT_3D('',#2428,#2020,#2021);
#1861=AXIS2_PLACEMENT_3D('',#2431,#2023,#2024);
#1862=AXIS2_PLACEMENT_3D('',#2432,#2025,#2026);
#1863=AXIS2_PLACEMENT_3D('',#2437,#2029,#2030);
#1864=AXIS2_PLACEMENT_3D('',#2450,#2032,#2033);
#1865=AXIS2_PLACEMENT_3D('',#2451,#2034,#2035);
#1866=AXIS2_PLACEMENT_3D('',#2452,#2036,#2037);
#1867=AXIS2_PLACEMENT_3D('',#2454,#2039,#2040);
#1868=AXIS2_PLACEMENT_3D('',#2455,#2041,#2042);
#1869=AXIS2_PLACEMENT_3D('',#2469,#2044,#2045);
#1870=AXIS2_PLACEMENT_3D('',#2472,#2047,#2048);
#1871=AXIS2_PLACEMENT_3D('',#2473,#2049,#2050);
#1872=AXIS2_PLACEMENT_3D('',#2478,#2053,#2054);
#1873=AXIS2_PLACEMENT_3D('',#2491,#2056,#2057);
#1874=AXIS2_PLACEMENT_3D('',#2492,#2058,#2059);
#1875=AXIS2_PLACEMENT_3D('',#2493,#2060,#2061);
#1876=AXIS2_PLACEMENT_3D('',#2495,#2063,#2064);
#1877=AXIS2_PLACEMENT_3D('',#2496,#2065,#2066);
#1878=AXIS2_PLACEMENT_3D('',#2510,#2068,#2069);
#1879=AXIS2_PLACEMENT_3D('',#2513,#2071,#2072);
#1880=AXIS2_PLACEMENT_3D('',#2514,#2073,#2074);
#1881=AXIS2_PLACEMENT_3D('',#2519,#2077,#2078);
#1882=AXIS2_PLACEMENT_3D('',#2532,#2080,#2081);
#1883=AXIS2_PLACEMENT_3D('',#2533,#2082,#2083);
#1884=AXIS2_PLACEMENT_3D('',#2534,#2084,#2085);
#1885=AXIS2_PLACEMENT_3D('',#2536,#2087,#2088);
#1886=AXIS2_PLACEMENT_3D('',#2537,#2089,#2090);
#1887=AXIS2_PLACEMENT_3D('',#2538,#2091,#2092);
#1888=AXIS2_PLACEMENT_3D('',#2540,#2093,#2094);
#1889=AXIS2_PLACEMENT_3D('',#2542,#2095,#2096);
#1890=AXIS2_PLACEMENT_3D('',#2543,#2097,#2098);
#1891=AXIS2_PLACEMENT_3D('',#2548,#2100,#2101);
#1892=AXIS2_PLACEMENT_3D('',#2551,#2103,#2104);
#1893=AXIS2_PLACEMENT_3D('',#2552,#2105,#2106);
#1894=AXIS2_PLACEMENT_3D('',#2556,#2108,#2109);
#1895=AXIS2_PLACEMENT_3D('',#2557,#2110,#2111);
#1896=AXIS2_PLACEMENT_3D('',#2558,#2112,#2113);
#1897=AXIS2_PLACEMENT_3D('',#2562,#2115,#2116);
#1898=AXIS2_PLACEMENT_3D('',#2563,#2117,#2118);
#1899=AXIS2_PLACEMENT_3D('',#2564,#2119,#2120);
#1900=AXIS2_PLACEMENT_3D('',#2565,#2121,#2122);
#1901=AXIS2_PLACEMENT_3D('',#2566,#2123,#2124);
#1902=AXIS2_PLACEMENT_3D('',#2567,#2125,#2126);
#1903=AXIS2_PLACEMENT_3D('',#2568,#2127,#2128);
#1904=AXIS2_PLACEMENT_3D('',#2573,#2130,#2131);
#1905=AXIS2_PLACEMENT_3D('',#2576,#2133,#2134);
#1906=AXIS2_PLACEMENT_3D('',#2577,#2135,#2136);
#1907=AXIS2_PLACEMENT_3D('',#2579,#2137,#2138);
#1908=AXIS2_PLACEMENT_3D('',#2582,#2140,#2141);
#1909=AXIS2_PLACEMENT_3D('',#2583,#2142,#2143);
#1910=AXIS2_PLACEMENT_3D('',#2585,#2144,#2145);
#1911=AXIS2_PLACEMENT_3D('',#2588,#2147,#2148);
#1912=AXIS2_PLACEMENT_3D('',#2589,#2149,#2150);
#1913=AXIS2_PLACEMENT_3D('',#2590,#2151,#2152);
#1914=AXIS2_PLACEMENT_3D('',#2591,#2153,#2154);
#1915=AXIS2_PLACEMENT_3D('',#2592,#2155,#2156);
#1916=AXIS2_PLACEMENT_3D('',#2593,#2157,#2158);
#1917=AXIS2_PLACEMENT_3D('',#2595,#2159,#2160);
#1918=AXIS2_PLACEMENT_3D('',#2597,#2161,#2162);
#1919=AXIS2_PLACEMENT_3D('',#2600,#2163,#2164);
#1920=AXIS2_PLACEMENT_3D('',#2602,#2165,#2166);
#1921=AXIS2_PLACEMENT_3D('',#2604,#2167,#2168);
#1922=AXIS2_PLACEMENT_3D('',#2605,#2169,#2170);
#1923=AXIS2_PLACEMENT_3D('',#2607,#2171,#2172);
#1924=AXIS2_PLACEMENT_3D('',#2609,#2173,#2174);
#1925=AXIS2_PLACEMENT_3D('',#2611,#2175,#2176);
#1926=AXIS2_PLACEMENT_3D('',#2614,#2177,#2178);
#1927=AXIS2_PLACEMENT_3D('',#2616,#2179,#2180);
#1928=AXIS2_PLACEMENT_3D('',#2618,#2181,#2182);
#1929=AXIS2_PLACEMENT_3D('',#2619,#2183,#2184);
#1930=AXIS2_PLACEMENT_3D('',#2636,#2193,#2194);
#1931=AXIS2_PLACEMENT_3D('',#2638,#2195,#2196);
#1932=AXIS2_PLACEMENT_3D('',#2640,#2197,#2198);
#1933=AXIS2_PLACEMENT_3D('',#2641,#2199,#2200);
#1934=AXIS2_PLACEMENT_3D('',#2643,#2201,#2202);
#1935=AXIS2_PLACEMENT_3D('',#2644,#2203,#2204);
#1936=AXIS2_PLACEMENT_3D('',#2646,#2205,#2206);
#1937=AXIS2_PLACEMENT_3D('',#2647,#2207,#2208);
#1938=AXIS2_PLACEMENT_3D('',#2649,#2209,#2210);
#1939=AXIS2_PLACEMENT_3D('',#2650,#2211,#2212);
#1940=AXIS2_PLACEMENT_3D('',#2651,#2213,#2214);
#1941=AXIS2_PLACEMENT_3D('',#2653,#2215,#2216);
#1942=AXIS2_PLACEMENT_3D('',#2654,#2217,#2218);
#1943=AXIS2_PLACEMENT_3D('',#2656,#2219,#2220);
#1944=AXIS2_PLACEMENT_3D('',#2658,#2221,#2222);
#1945=AXIS2_PLACEMENT_3D('',#2659,#2223,#2224);
#1946=AXIS2_PLACEMENT_3D('',#2661,#2225,#2226);
#1947=AXIS2_PLACEMENT_3D('',#2662,#2227,#2228);
#1948=AXIS2_PLACEMENT_3D('',#2664,#2229,#2230);
#1949=AXIS2_PLACEMENT_3D('',#2665,#2231,#2232);
#1950=AXIS2_PLACEMENT_3D('',#2667,#2233,#2234);
#1951=AXIS2_PLACEMENT_3D('',#2672,#2236,#2237);
#1952=AXIS2_PLACEMENT_3D('',#2675,#2239,#2240);
#1953=AXIS2_PLACEMENT_3D('',#2688,#2241,#2242);
#1954=AXIS2_PLACEMENT_3D('',#2699,#2243,#2244);
#1955=AXIS2_PLACEMENT_3D('',#2704,#2247,#2248);
#1956=AXIS2_PLACEMENT_3D('',#2705,#2249,#2250);
#1957=AXIS2_PLACEMENT_3D('',#2710,#2253,#2254);
#1958=AXIS2_PLACEMENT_3D('',#2711,#2255,#2256);
#1959=AXIS2_PLACEMENT_3D('',#2714,#2259,#2260);
#1960=AXIS2_PLACEMENT_3D('',#2715,#2261,#2262);
#1961=AXIS2_PLACEMENT_3D('',#2716,#2263,#2264);
#1962=AXIS2_PLACEMENT_3D('',#2718,#2265,#2266);
#1963=AXIS2_PLACEMENT_3D('',#2719,#2267,#2268);
#1964=AXIS2_PLACEMENT_3D('',#2720,#2269,#2270);
#1965=AXIS2_PLACEMENT_3D('',#2722,#2271,#2272);
#1966=AXIS2_PLACEMENT_3D('',#2723,#2273,#2274);
#1967=AXIS2_PLACEMENT_3D('',#2726,#2276,#2277);
#1968=AXIS2_PLACEMENT_3D('',#2729,#2279,#2280);
#1969=AXIS2_PLACEMENT_3D('',#2732,#2282,#2283);
#1970=AXIS2_PLACEMENT_3D('',#2733,#2284,#2285);
#1971=AXIS2_PLACEMENT_3D('',#2736,#2287,#2288);
#1972=AXIS2_PLACEMENT_3D('',#2737,#2289,#2290);
#1973=AXIS2_PLACEMENT_3D('',#2738,#2291,#2292);
#1974=AXIS2_PLACEMENT_3D('',#2739,#2293,#2294);
#1975=AXIS2_PLACEMENT_3D('',#2740,#2295,#2296);
#1976=AXIS2_PLACEMENT_3D('',#2743,#2298,#2299);
#1977=AXIS2_PLACEMENT_3D('',#2746,#2301,#2302);
#1978=AXIS2_PLACEMENT_3D('',#2747,#2303,#2304);
#1979=AXIS2_PLACEMENT_3D('',#2750,#2306,#2307);
#1980=AXIS2_PLACEMENT_3D('',#2751,#2308,#2309);
#1981=AXIS2_PLACEMENT_3D('',#2754,#2311,#2312);
#1982=AXIS2_PLACEMENT_3D('',#2755,#2313,#2314);
#1983=AXIS2_PLACEMENT_3D('',#2756,#2315,#2316);
#1984=AXIS2_PLACEMENT_3D('',#2757,#2317,#2318);
#1985=AXIS2_PLACEMENT_3D('',#2760,#2320,#2321);
#1986=AXIS2_PLACEMENT_3D('',#2763,#2323,#2324);
#1987=AXIS2_PLACEMENT_3D('',#2767,#2327,#2328);
#1988=AXIS2_PLACEMENT_3D('',#2770,#2330,#2331);
#1989=AXIS2_PLACEMENT_3D('',#2771,#2332,#2333);
#1990=AXIS2_PLACEMENT_3D('',#2773,#2335,#2336);
#1991=AXIS2_PLACEMENT_3D('',#2774,#2337,#2338);
#1992=AXIS2_PLACEMENT_3D('',#2780,#2342,#2343);
#1993=AXIS2_PLACEMENT_3D('',#2788,#2348,#2349);
#1994=AXIS2_PLACEMENT_3D('',#2792,#2352,#2353);
#1995=AXIS2_PLACEMENT_3D('',#2798,#2357,#2358);
#1996=AXIS2_PLACEMENT_3D('',#2801,#2361,#2362);
#1997=AXIS2_PLACEMENT_3D('',#2807,#2366,#2367);
#1998=AXIS2_PLACEMENT_3D('',#2808,#2368,#2369);
#1999=AXIS2_PLACEMENT_3D('',#2817,#2374,#2375);
#2000=AXIS2_PLACEMENT_3D('',#2821,#2378,#2379);
#2001=AXIS2_PLACEMENT_3D('',#2822,#2380,#2381);
#2002=AXIS2_PLACEMENT_3D('',#2829,#2385,#2386);
#2003=AXIS2_PLACEMENT_3D('',#2832,#2389,#2390);
#2004=AXIS2_PLACEMENT_3D('',#2833,#2391,#2392);
#2005=AXIS2_PLACEMENT_3D('',#2834,#2393,#2394);
#2006=AXIS2_PLACEMENT_3D('',#2835,#2395,#2396);
#2007=AXIS2_PLACEMENT_3D('',#2836,#2397,#2398);
#2008=AXIS2_PLACEMENT_3D('',#2837,#2399,#2400);
#2009=AXIS2_PLACEMENT_3D('',#2838,#2401,#2402);
#2010=AXIS2_PLACEMENT_3D('',#2839,#2403,#2404);
#2011=AXIS2_PLACEMENT_3D('',#2840,#2405,#2406);
#2012=AXIS2_PLACEMENT_3D('',#2841,#2407,#2408);
#2013=AXIS2_PLACEMENT_3D('',#2842,#2409,#2410);
#2014=AXIS2_PLACEMENT_3D('',#2844,#2411,#2412);
#2015=DIRECTION('',(0.,0.,1.));
#2016=DIRECTION('',(1.,0.,0.));
#2017=DIRECTION('',(-1.,2.83276944882399E-16,0.));
#2018=DIRECTION('',(-2.83276944882399E-16,-1.,0.));
#2019=DIRECTION('',(-1.,2.83276944882399E-16,0.));
#2020=DIRECTION('',(-1.,2.83276944882399E-16,0.));
#2021=DIRECTION('',(0.,0.,1.));
#2022=DIRECTION('',(-1.,2.83276944882399E-16,0.));
#2023=DIRECTION('',(-2.45703583245243E-32,-8.67361737988404E-17,-1.));
#2024=DIRECTION('',(1.60812264967664E-16,1.,-8.67361737988404E-17));
#2025=DIRECTION('',(-2.45703583245243E-32,-8.67361737988404E-17,-1.));
#2026=DIRECTION('',(1.60812264967664E-16,1.,-8.67361737988404E-17));
#2027=DIRECTION('',(-1.,2.83276944882399E-16,0.));
#2028=DIRECTION('',(-2.83276944882399E-16,-1.,8.67361737988404E-17));
#2029=DIRECTION('',(-1.,2.83276944882399E-16,0.));
#2030=DIRECTION('',(-2.83276944882399E-16,-1.,0.));
#2031=DIRECTION('',(-1.,2.83276944882399E-16,0.));
#2032=DIRECTION('',(-1.,2.83276944882399E-16,0.));
#2033=DIRECTION('',(0.,0.,-1.));
#2034=DIRECTION('',(4.91407166490486E-32,1.73472347597681E-16,1.));
#2035=DIRECTION('',(-1.60812264967664E-16,-1.,1.73472347597681E-16));
#2036=DIRECTION('',(4.91407166490486E-32,1.73472347597681E-16,1.));
#2037=DIRECTION('',(-1.60812264967664E-16,-1.,1.73472347597681E-16));
#2038=DIRECTION('',(2.83276944882399E-16,1.,-1.73472347597681E-16));
#2039=DIRECTION('',(-1.,2.83276944882399E-16,0.));
#2040=DIRECTION('',(-2.83276944882399E-16,-1.,0.));
#2041=DIRECTION('',(0.,1.,0.));
#2042=DIRECTION('',(-1.,0.,0.));
#2043=DIRECTION('',(0.,1.,0.));
#2044=DIRECTION('',(0.,1.,0.));
#2045=DIRECTION('',(0.,0.,1.));
#2046=DIRECTION('',(0.,1.,0.));
#2047=DIRECTION('',(-8.67361737988404E-17,-1.3684555315672E-48,-1.));
#2048=DIRECTION('',(1.,1.22464679914735E-16,-8.67361737988404E-17));
#2049=DIRECTION('',(-8.67361737988404E-17,-1.3684555315672E-48,-1.));
#2050=DIRECTION('',(1.,1.22464679914735E-16,-8.67361737988404E-17));
#2051=DIRECTION('',(0.,1.,0.));
#2052=DIRECTION('',(-1.,0.,8.67361737988404E-17));
#2053=DIRECTION('',(0.,1.,0.));
#2054=DIRECTION('',(-1.,0.,0.));
#2055=DIRECTION('',(0.,1.,0.));
#2056=DIRECTION('',(0.,1.,0.));
#2057=DIRECTION('',(0.,0.,-1.));
#2058=DIRECTION('',(1.73472347597681E-16,2.73691106313441E-48,1.));
#2059=DIRECTION('',(-1.,-1.22464679914735E-16,1.73472347597681E-16));
#2060=DIRECTION('',(1.73472347597681E-16,2.73691106313441E-48,1.));
#2061=DIRECTION('',(-1.,-1.22464679914735E-16,1.73472347597681E-16));
#2062=DIRECTION('',(1.,0.,-1.73472347597681E-16));
#2063=DIRECTION('',(0.,1.,0.));
#2064=DIRECTION('',(-1.,0.,0.));
#2065=DIRECTION('',(1.,6.12323399573676E-17,0.));
#2066=DIRECTION('',(-6.12323399573676E-17,1.,0.));
#2067=DIRECTION('',(1.,6.12323399573676E-17,0.));
#2068=DIRECTION('',(1.,6.12323399573676E-17,0.));
#2069=DIRECTION('',(0.,0.,1.));
#2070=DIRECTION('',(1.,6.12323399573676E-17,0.));
#2071=DIRECTION('',(-5.31105888065192E-33,8.67361737988404E-17,-1.));
#2072=DIRECTION('',(1.83697019872103E-16,-1.,-8.67361737988404E-17));
#2073=DIRECTION('',(-5.31105888065192E-33,8.67361737988404E-17,-1.));
#2074=DIRECTION('',(1.83697019872103E-16,-1.,-8.67361737988404E-17));
#2075=DIRECTION('',(1.,6.12323399573676E-17,0.));
#2076=DIRECTION('',(-6.12323399573676E-17,1.,8.67361737988404E-17));
#2077=DIRECTION('',(1.,6.12323399573676E-17,0.));
#2078=DIRECTION('',(-6.12323399573676E-17,1.,0.));
#2079=DIRECTION('',(1.,6.12323399573676E-17,0.));
#2080=DIRECTION('',(1.,6.12323399573676E-17,0.));
#2081=DIRECTION('',(0.,0.,-1.));
#2082=DIRECTION('',(1.06221177613038E-32,-1.73472347597681E-16,1.));
#2083=DIRECTION('',(-1.83697019872103E-16,1.,1.73472347597681E-16));
#2084=DIRECTION('',(1.06221177613038E-32,-1.73472347597681E-16,1.));
#2085=DIRECTION('',(-1.83697019872103E-16,1.,1.73472347597681E-16));
#2086=DIRECTION('',(6.12323399573676E-17,-1.,-1.73472347597681E-16));
#2087=DIRECTION('',(1.,6.12323399573676E-17,0.));
#2088=DIRECTION('',(-6.12323399573676E-17,1.,0.));
#2089=DIRECTION('',(0.,1.,0.));
#2090=DIRECTION('',(0.,0.,-1.));
#2091=DIRECTION('',(0.,1.,0.));
#2092=DIRECTION('',(-1.,0.,0.));
#2093=DIRECTION('',(0.,1.,0.));
#2094=DIRECTION('',(-1.,0.,0.));
#2095=DIRECTION('',(0.,0.,1.));
#2096=DIRECTION('',(-1.,1.38038082109923E-9,0.));
#2097=DIRECTION('',(0.,0.,1.));
#2098=DIRECTION('',(-1.38038082109923E-9,-1.,0.));
#2099=DIRECTION('',(0.,0.,1.));
#2100=DIRECTION('',(0.,0.,1.));
#2101=DIRECTION('',(-1.38038082109923E-9,-1.,0.));
#2102=DIRECTION('',(0.,0.,1.));
#2103=DIRECTION('',(0.,0.,1.));
#2104=DIRECTION('',(-1.,1.38038082109923E-9,0.));
#2105=DIRECTION('',(0.,0.,-1.));
#2106=DIRECTION('',(1.38038082109923E-9,1.,0.));
#2107=DIRECTION('',(0.,0.,1.));
#2108=DIRECTION('',(0.,0.,-1.));
#2109=DIRECTION('',(1.38038082109923E-9,1.,0.));
#2110=DIRECTION('',(0.,0.,1.));
#2111=DIRECTION('',(-1.,1.38038082109923E-9,0.));
#2112=DIRECTION('',(0.,0.,1.));
#2113=DIRECTION('',(1.38038082109923E-9,1.,0.));
#2114=DIRECTION('',(0.,0.,1.));
#2115=DIRECTION('',(0.,0.,1.));
#2116=DIRECTION('',(1.38038082109923E-9,1.,0.));
#2117=DIRECTION('',(0.,0.,1.));
#2118=DIRECTION('',(-1.,1.38038082109923E-9,0.));
#2119=DIRECTION('',(0.,0.,1.));
#2120=DIRECTION('',(1.38038082109923E-9,1.,0.));
#2121=DIRECTION('',(0.,0.,1.));
#2122=DIRECTION('',(1.38038082109923E-9,1.,0.));
#2123=DIRECTION('',(0.,0.,1.));
#2124=DIRECTION('',(-1.,1.38038082109923E-9,0.));
#2125=DIRECTION('',(0.,0.,1.));
#2126=DIRECTION('',(-1.,1.38038082109923E-9,0.));
#2127=DIRECTION('',(0.,0.,-1.));
#2128=DIRECTION('',(-1.38038082109923E-9,-1.,0.));
#2129=DIRECTION('',(0.,0.,1.));
#2130=DIRECTION('',(0.,0.,-1.));
#2131=DIRECTION('',(-1.38038082109923E-9,-1.,0.));
#2132=DIRECTION('',(0.,0.,1.));
#2133=DIRECTION('',(0.,0.,1.));
#2134=DIRECTION('',(-1.,1.38038082109923E-9,0.));
#2135=DIRECTION('',(0.,0.,-1.));
#2136=DIRECTION('',(1.38038082109923E-9,1.,0.));
#2137=DIRECTION('',(0.,0.,-1.));
#2138=DIRECTION('',(1.38038082109923E-9,1.,0.));
#2139=DIRECTION('',(0.,0.,1.));
#2140=DIRECTION('',(0.,0.,1.));
#2141=DIRECTION('',(-1.,1.38038082109923E-9,0.));
#2142=DIRECTION('',(0.,0.,-1.));
#2143=DIRECTION('',(1.38038082109923E-9,1.,0.));
#2144=DIRECTION('',(0.,0.,-1.));
#2145=DIRECTION('',(1.38038082109923E-9,1.,0.));
#2146=DIRECTION('',(0.,0.,1.));
#2147=DIRECTION('',(0.,0.,1.));
#2148=DIRECTION('',(-1.,1.38038082109923E-9,0.));
#2149=DIRECTION('',(0.,0.,1.));
#2150=DIRECTION('',(1.38038082109923E-9,1.,0.));
#2151=DIRECTION('',(0.,0.,1.));
#2152=DIRECTION('',(1.38038082109923E-9,1.,0.));
#2153=DIRECTION('',(0.,0.,-1.));
#2154=DIRECTION('',(1.,-1.38038082109923E-9,0.));
#2155=DIRECTION('',(0.,0.,1.));
#2156=DIRECTION('',(1.,0.,0.));
#2157=DIRECTION('',(0.,0.,-1.));
#2158=DIRECTION('',(0.,1.,0.));
#2159=DIRECTION('',(0.,0.,1.));
#2160=DIRECTION('',(1.,0.,0.));
#2161=DIRECTION('',(0.,0.,1.));
#2162=DIRECTION('',(0.,1.,0.));
#2163=DIRECTION('',(0.,0.,1.));
#2164=DIRECTION('',(0.,-1.,0.));
#2165=DIRECTION('',(0.,0.,1.));
#2166=DIRECTION('',(0.,-1.,0.));
#2167=DIRECTION('',(0.,0.,-1.));
#2168=DIRECTION('',(0.,-1.,0.));
#2169=DIRECTION('',(0.,0.,-1.));
#2170=DIRECTION('',(0.,-1.,0.));
#2171=DIRECTION('',(0.,0.,-1.));
#2172=DIRECTION('',(0.,-1.,0.));
#2173=DIRECTION('',(0.,0.,1.));
#2174=DIRECTION('',(1.,0.,0.));
#2175=DIRECTION('',(0.,0.,1.));
#2176=DIRECTION('',(0.,-1.,0.));
#2177=DIRECTION('',(0.,0.,-1.));
#2178=DIRECTION('',(0.,1.,0.));
#2179=DIRECTION('',(0.,0.,-1.));
#2180=DIRECTION('',(0.,-1.,0.));
#2181=DIRECTION('',(0.,0.,-1.));
#2182=DIRECTION('',(0.,-1.,0.));
#2183=DIRECTION('',(0.,0.,-1.));
#2184=DIRECTION('',(-1.,0.,0.));
#2185=DIRECTION('',(0.,-1.,0.));
#2186=DIRECTION('',(1.,0.,0.));
#2187=DIRECTION('',(0.,1.,0.));
#2188=DIRECTION('',(-1.,0.,0.));
#2189=DIRECTION('',(0.,-1.,0.));
#2190=DIRECTION('',(1.,0.,0.));
#2191=DIRECTION('',(0.,1.,0.));
#2192=DIRECTION('',(-1.,0.,0.));
#2193=DIRECTION('',(0.,0.,1.));
#2194=DIRECTION('',(1.,0.,0.));
#2195=DIRECTION('',(0.,0.,1.));
#2196=DIRECTION('',(1.,0.,0.));
#2197=DIRECTION('',(0.,0.,1.));
#2198=DIRECTION('',(1.,0.,0.));
#2199=DIRECTION('',(0.,0.,1.));
#2200=DIRECTION('',(1.,0.,0.));
#2201=DIRECTION('',(0.,0.,-1.));
#2202=DIRECTION('',(-1.,0.,0.));
#2203=DIRECTION('',(0.,0.,1.));
#2204=DIRECTION('',(1.,0.,0.));
#2205=DIRECTION('',(0.,0.,1.));
#2206=DIRECTION('',(1.,0.,0.));
#2207=DIRECTION('',(0.,0.,1.));
#2208=DIRECTION('',(1.,0.,0.));
#2209=DIRECTION('',(0.,0.,-1.));
#2210=DIRECTION('',(-1.,0.,0.));
#2211=DIRECTION('',(0.,0.,1.));
#2212=DIRECTION('',(1.,0.,0.));
#2213=DIRECTION('',(0.,0.,1.));
#2214=DIRECTION('',(1.,0.,0.));
#2215=DIRECTION('',(0.,0.,1.));
#2216=DIRECTION('',(1.,0.,0.));
#2217=DIRECTION('',(0.,0.,1.));
#2218=DIRECTION('',(1.,0.,0.));
#2219=DIRECTION('',(0.,0.,1.));
#2220=DIRECTION('',(1.,0.,0.));
#2221=DIRECTION('',(0.,0.,1.));
#2222=DIRECTION('',(1.,0.,0.));
#2223=DIRECTION('',(0.,0.,1.));
#2224=DIRECTION('',(1.,0.,0.));
#2225=DIRECTION('',(0.,0.,1.));
#2226=DIRECTION('',(1.,0.,0.));
#2227=DIRECTION('',(0.,0.,1.));
#2228=DIRECTION('',(1.,0.,0.));
#2229=DIRECTION('',(0.,0.,1.));
#2230=DIRECTION('',(1.,0.,0.));
#2231=DIRECTION('',(0.,0.,1.));
#2232=DIRECTION('',(1.,0.,0.));
#2233=DIRECTION('',(0.,0.,1.));
#2234=DIRECTION('',(1.,0.,0.));
#2235=DIRECTION('',(0.,0.,-1.));
#2236=DIRECTION('',(0.,0.,1.));
#2237=DIRECTION('',(1.,0.,0.));
#2238=DIRECTION('',(0.,0.,-1.));
#2239=DIRECTION('',(-1.73472347597681E-16,2.12442355226077E-32,1.));
#2240=DIRECTION('',(1.,0.,1.73472347597681E-16));
#2241=DIRECTION('',(8.67361737988404E-17,-1.06221177613038E-32,-1.));
#2242=DIRECTION('',(-1.,0.,-8.67361737988404E-17));
#2243=DIRECTION('',(0.,0.,1.));
#2244=DIRECTION('',(1.,0.,0.));
#2245=DIRECTION('',(-1.,0.,0.));
#2246=DIRECTION('',(1.,9.98888259640776E-16,0.));
#2247=DIRECTION('',(0.,0.,1.));
#2248=DIRECTION('',(1.,0.,0.));
#2249=DIRECTION('',(0.,0.,1.));
#2250=DIRECTION('',(1.,0.,0.));
#2251=DIRECTION('',(0.,0.,-1.));
#2252=DIRECTION('',(0.,0.,-1.));
#2253=DIRECTION('',(0.,0.,1.));
#2254=DIRECTION('',(1.,0.,0.));
#2255=DIRECTION('',(0.,0.,-1.));
#2256=DIRECTION('',(-1.,0.,0.));
#2257=DIRECTION('',(-1.,0.,0.));
#2258=DIRECTION('',(1.,9.98888259640776E-16,0.));
#2259=DIRECTION('',(0.,0.,1.));
#2260=DIRECTION('',(1.,0.,0.));
#2261=DIRECTION('',(0.,0.,-1.));
#2262=DIRECTION('',(-1.,0.,0.));
#2263=DIRECTION('',(0.,0.,1.));
#2264=DIRECTION('',(0.,-1.,0.));
#2265=DIRECTION('',(0.,0.,-1.));
#2266=DIRECTION('',(0.,-1.,0.));
#2267=DIRECTION('',(0.,0.,-1.));
#2268=DIRECTION('',(-1.,0.,0.));
#2269=DIRECTION('',(0.,0.,1.));
#2270=DIRECTION('',(0.,-1.,0.));
#2271=DIRECTION('',(0.,0.,-1.));
#2272=DIRECTION('',(0.,-1.,0.));
#2273=DIRECTION('',(0.,0.,1.));
#2274=DIRECTION('',(1.,0.,0.));
#2275=DIRECTION('',(0.,0.,1.));
#2276=DIRECTION('',(0.,0.,1.));
#2277=DIRECTION('',(0.,1.,0.));
#2278=DIRECTION('',(0.,0.,1.));
#2279=DIRECTION('',(0.,0.,1.));
#2280=DIRECTION('',(1.,0.,0.));
#2281=DIRECTION('',(0.,0.,1.));
#2282=DIRECTION('',(0.,0.,-1.));
#2283=DIRECTION('',(0.,-1.,0.));
#2284=DIRECTION('',(0.,0.,1.));
#2285=DIRECTION('',(1.,0.,0.));
#2286=DIRECTION('',(0.,0.,1.));
#2287=DIRECTION('',(0.,0.,1.));
#2288=DIRECTION('',(0.,-1.,0.));
#2289=DIRECTION('',(0.,0.,1.));
#2290=DIRECTION('',(1.,0.,0.));
#2291=DIRECTION('',(0.,0.,1.));
#2292=DIRECTION('',(0.,-1.,0.));
#2293=DIRECTION('',(0.,0.,1.));
#2294=DIRECTION('',(1.,0.,0.));
#2295=DIRECTION('',(0.,0.,1.));
#2296=DIRECTION('',(1.,0.,0.));
#2297=DIRECTION('',(0.,0.,1.));
#2298=DIRECTION('',(0.,0.,-1.));
#2299=DIRECTION('',(0.,1.,0.));
#2300=DIRECTION('',(0.,0.,1.));
#2301=DIRECTION('',(0.,0.,1.));
#2302=DIRECTION('',(1.,0.,0.));
#2303=DIRECTION('',(0.,0.,-1.));
#2304=DIRECTION('',(0.,-1.,0.));
#2305=DIRECTION('',(0.,0.,1.));
#2306=DIRECTION('',(0.,0.,1.));
#2307=DIRECTION('',(1.,0.,0.));
#2308=DIRECTION('',(0.,0.,-1.));
#2309=DIRECTION('',(0.,-1.,0.));
#2310=DIRECTION('',(0.,0.,1.));
#2311=DIRECTION('',(0.,0.,1.));
#2312=DIRECTION('',(1.,0.,0.));
#2313=DIRECTION('',(0.,0.,1.));
#2314=DIRECTION('',(0.,-1.,0.));
#2315=DIRECTION('',(0.,0.,-1.));
#2316=DIRECTION('',(-1.,0.,0.));
#2317=DIRECTION('',(-1.22464679914735E-16,-1.,0.));
#2318=DIRECTION('',(1.,-1.22464679914735E-16,0.));
#2319=DIRECTION('',(-1.22464679914735E-16,-1.,0.));
#2320=DIRECTION('',(-1.22464679914735E-16,-1.,0.));
#2321=DIRECTION('',(0.,0.,1.));
#2322=DIRECTION('',(-1.22464679914735E-16,-1.,0.));
#2323=DIRECTION('',(8.67361737988404E-17,-1.06221177613038E-32,-1.));
#2324=DIRECTION('',(-1.,0.,-8.67361737988404E-17));
#2325=DIRECTION('',(-1.22464679914735E-16,-1.,0.));
#2326=DIRECTION('',(1.,-1.22464679914735E-16,8.67361737988404E-17));
#2327=DIRECTION('',(-1.22464679914735E-16,-1.,0.));
#2328=DIRECTION('',(1.,-1.22464679914735E-16,0.));
#2329=DIRECTION('',(-1.22464679914735E-16,-1.,0.));
#2330=DIRECTION('',(-1.22464679914735E-16,-1.,0.));
#2331=DIRECTION('',(0.,0.,-1.));
#2332=DIRECTION('',(-1.73472347597681E-16,2.12442355226077E-32,1.));
#2333=DIRECTION('',(1.,0.,1.73472347597681E-16));
#2334=DIRECTION('',(-1.,1.22464679914735E-16,-1.73472347597681E-16));
#2335=DIRECTION('',(-1.22464679914735E-16,-1.,0.));
#2336=DIRECTION('',(1.,-1.22464679914735E-16,0.));
#2337=DIRECTION('',(-1.,0.,0.));
#2338=DIRECTION('',(0.,0.,1.));
#2339=DIRECTION('',(0.,0.,1.));
#2340=DIRECTION('',(0.,-1.,0.));
#2341=DIRECTION('',(0.,0.,1.));
#2342=DIRECTION('',(0.,-1.,0.));
#2343=DIRECTION('',(0.,0.,-1.));
#2344=DIRECTION('',(0.707106781186548,0.,-0.707106781186548));
#2345=DIRECTION('',(1.,0.,0.));
#2346=DIRECTION('',(0.707106781186548,0.,0.707106781186548));
#2347=DIRECTION('',(0.,0.,1.));
#2348=DIRECTION('',(1.,0.,0.));
#2349=DIRECTION('',(0.,0.,-1.));
#2350=DIRECTION('',(0.,1.,0.));
#2351=DIRECTION('',(0.,0.,1.));
#2352=DIRECTION('',(0.,1.,0.));
#2353=DIRECTION('',(0.,0.,1.));
#2354=DIRECTION('',(-1.,0.,0.));
#2355=DIRECTION('',(-0.707106781186548,0.,0.707106781186548));
#2356=DIRECTION('',(-0.707106781186548,0.,-0.707106781186548));
#2357=DIRECTION('',(0.,0.,1.));
#2358=DIRECTION('',(1.,0.,0.));
#2359=DIRECTION('',(0.,1.,0.));
#2360=DIRECTION('',(0.,-1.,0.));
#2361=DIRECTION('',(-1.,0.,0.));
#2362=DIRECTION('',(0.,0.,1.));
#2363=DIRECTION('',(0.,0.,1.));
#2364=DIRECTION('',(0.,-1.,0.));
#2365=DIRECTION('',(0.,0.,1.));
#2366=DIRECTION('',(0.,-1.,0.));
#2367=DIRECTION('',(0.,0.,-1.));
#2368=DIRECTION('',(0.,1.,0.));
#2369=DIRECTION('',(-1.,0.,0.));
#2370=DIRECTION('',(0.707106781186548,0.,-0.707106781186548));
#2371=DIRECTION('',(1.,0.,0.));
#2372=DIRECTION('',(0.707106781186548,0.,0.707106781186548));
#2373=DIRECTION('',(0.,0.,1.));
#2374=DIRECTION('',(1.,0.,0.));
#2375=DIRECTION('',(0.,0.,-1.));
#2376=DIRECTION('',(0.,1.,0.));
#2377=DIRECTION('',(0.,0.,1.));
#2378=DIRECTION('',(0.,1.,0.));
#2379=DIRECTION('',(0.,0.,1.));
#2380=DIRECTION('',(0.,1.,0.));
#2381=DIRECTION('',(-1.,0.,0.));
#2382=DIRECTION('',(-1.,0.,0.));
#2383=DIRECTION('',(-0.707106781186548,0.,0.707106781186548));
#2384=DIRECTION('',(-0.707106781186548,0.,-0.707106781186548));
#2385=DIRECTION('',(0.,0.,1.));
#2386=DIRECTION('',(1.,0.,0.));
#2387=DIRECTION('',(0.,1.,0.));
#2388=DIRECTION('',(0.,-1.,0.));
#2389=DIRECTION('',(0.,-1.,0.));
#2390=DIRECTION('',(0.,0.,-1.));
#2391=DIRECTION('',(-0.707106781186548,0.,-0.707106781186548));
#2392=DIRECTION('',(0.,1.,0.));
#2393=DIRECTION('',(0.707106781186548,0.,-0.707106781186548));
#2394=DIRECTION('',(0.,-1.,0.));
#2395=DIRECTION('',(-0.707106781186548,0.,-0.707106781186548));
#2396=DIRECTION('',(0.,1.,0.));
#2397=DIRECTION('',(0.707106781186548,0.,-0.707106781186548));
#2398=DIRECTION('',(0.,-1.,0.));
#2399=DIRECTION('',(0.,0.,1.));
#2400=DIRECTION('',(1.,0.,0.));
#2401=DIRECTION('',(0.,0.,1.));
#2402=DIRECTION('',(1.,0.,0.));
#2403=DIRECTION('',(0.,-1.,0.));
#2404=DIRECTION('',(0.,0.,-1.));
#2405=DIRECTION('',(-9.98888259640776E-16,1.,0.));
#2406=DIRECTION('',(-1.,-9.98888259640776E-16,0.));
#2407=DIRECTION('',(0.,0.,1.));
#2408=DIRECTION('',(1.,0.,0.));
#2409=DIRECTION('',(0.,0.,-1.));
#2410=DIRECTION('',(0.,1.,0.));
#2411=DIRECTION('',(0.,0.,-1.));
#2412=DIRECTION('',(-1.,0.,0.));
#2413=CARTESIAN_POINT('',(0.,0.,0.));
#2414=CARTESIAN_POINT('',(-17.2,5.,22.));
#2415=CARTESIAN_POINT('',(-20.6019416560673,5.00000000000001,25.));
#2416=CARTESIAN_POINT('',(-20.4105282741688,5.78869746521272,25.));
#2417=CARTESIAN_POINT('',(-20.0519570331497,6.9260781955999,24.5279539496109));
#2418=CARTESIAN_POINT('',(-19.7015096229071,7.83332343929358,23.2077957332375));
#2419=CARTESIAN_POINT('',(-19.5985682210327,8.08238153803775,22.0052939323803));
#2420=CARTESIAN_POINT('',(-19.6999821337241,7.83712783248985,20.7995370947511));
#2421=CARTESIAN_POINT('',(-20.0513917714808,6.92795307731138,19.4717625592444));
#2422=CARTESIAN_POINT('',(-20.4104930854119,5.78884245655612,19.));
#2423=CARTESIAN_POINT('',(-20.6019416560673,5.00000000000001,19.));
#2424=CARTESIAN_POINT('',(-20.6019416560673,5.00000000000001,25.));
#2425=CARTESIAN_POINT('',(-20.6019416560673,5.00000000000001,19.));
#2426=CARTESIAN_POINT('',(-17.2,5.,19.));
#2427=CARTESIAN_POINT('',(-17.2,5.,19.));
#2428=CARTESIAN_POINT('',(-17.2,5.,22.));
#2429=CARTESIAN_POINT('',(-17.2,5.,25.));
#2430=CARTESIAN_POINT('',(-17.2,5.,25.));
#2431=CARTESIAN_POINT('',(-17.2,5.,19.));
#2432=CARTESIAN_POINT('',(0.,0.,19.));
#2433=CARTESIAN_POINT('',(-20.6019416560673,-4.99999999999999,19.));
#2434=CARTESIAN_POINT('',(-17.2,-5.,19.));
#2435=CARTESIAN_POINT('',(-17.2,-5.,19.));
#2436=CARTESIAN_POINT('',(-17.2,5.,19.));
#2437=CARTESIAN_POINT('',(-17.2,-5.,22.));
#2438=CARTESIAN_POINT('',(-20.6019416560673,-4.99999999999999,19.));
#2439=CARTESIAN_POINT('',(-20.4105282741688,-5.7886974652127,19.));
#2440=CARTESIAN_POINT('',(-20.0519570331498,-6.9260781955999,19.4720460503891));
#2441=CARTESIAN_POINT('',(-19.7015096229071,-7.83332343929357,20.7922042667625));
#2442=CARTESIAN_POINT('',(-19.5985682210327,-8.08238153803775,21.9947060676197));
#2443=CARTESIAN_POINT('',(-19.6999821337241,-7.83712783248984,23.2004629052489));
#2444=CARTESIAN_POINT('',(-20.0513917714809,-6.92795307731138,24.5282374407555));
#2445=CARTESIAN_POINT('',(-20.4104930854119,-5.78884245655611,25.));
#2446=CARTESIAN_POINT('',(-20.6019416560673,-5.,25.));
#2447=CARTESIAN_POINT('',(-20.6019416560673,-4.99999999999999,25.));
#2448=CARTESIAN_POINT('',(-17.2,-5.,25.));
#2449=CARTESIAN_POINT('',(-17.2,-5.,25.));
#2450=CARTESIAN_POINT('',(-17.2,-5.,22.));
#2451=CARTESIAN_POINT('',(-17.2,5.,25.));
#2452=CARTESIAN_POINT('',(0.,0.,25.));
#2453=CARTESIAN_POINT('',(-17.2,5.,25.));
#2454=CARTESIAN_POINT('',(-17.2,5.,22.));
#2455=CARTESIAN_POINT('',(5.,17.2,22.));
#2456=CARTESIAN_POINT('',(5.,20.6019416560673,25.));
#2457=CARTESIAN_POINT('',(5.78869746521271,20.4105282741688,25.));
#2458=CARTESIAN_POINT('',(6.9260781955999,20.0519570331497,24.5279539496109));
#2459=CARTESIAN_POINT('',(7.83332343929357,19.7015096229071,23.2077957332375));
#2460=CARTESIAN_POINT('',(8.08238153803775,19.5985682210327,22.0052939323803));
#2461=CARTESIAN_POINT('',(7.83712783248985,19.6999821337241,20.7995370947511));
#2462=CARTESIAN_POINT('',(6.92795307731138,20.0513917714809,19.4717625592444));
#2463=CARTESIAN_POINT('',(5.78884245655612,20.4104930854119,19.));
#2464=CARTESIAN_POINT('',(5.,20.6019416560673,19.));
#2465=CARTESIAN_POINT('',(5.,20.6019416560673,25.));
#2466=CARTESIAN_POINT('',(5.,20.6019416560673,19.));
#2467=CARTESIAN_POINT('',(5.,17.2,19.));
#2468=CARTESIAN_POINT('',(5.,17.2,19.));
#2469=CARTESIAN_POINT('',(5.,17.2,22.));
#2470=CARTESIAN_POINT('',(5.,17.2,25.));
#2471=CARTESIAN_POINT('',(5.,17.2,25.));
#2472=CARTESIAN_POINT('',(5.,17.2,19.));
#2473=CARTESIAN_POINT('',(0.,0.,19.));
#2474=CARTESIAN_POINT('',(-5.,20.6019416560673,19.));
#2475=CARTESIAN_POINT('',(-5.,17.2,19.));
#2476=CARTESIAN_POINT('',(-5.,17.2,19.));
#2477=CARTESIAN_POINT('',(5.,17.2,19.));
#2478=CARTESIAN_POINT('',(-5.,17.2,22.));
#2479=CARTESIAN_POINT('',(-5.,20.6019416560673,19.));
#2480=CARTESIAN_POINT('',(-5.78869746521271,20.4105282741688,19.));
#2481=CARTESIAN_POINT('',(-6.92607819559991,20.0519570331498,19.4720460503891));
#2482=CARTESIAN_POINT('',(-7.83332343929357,19.7015096229071,20.7922042667625));
#2483=CARTESIAN_POINT('',(-8.08238153803775,19.5985682210327,21.9947060676197));
#2484=CARTESIAN_POINT('',(-7.83712783248985,19.6999821337241,23.2004629052489));
#2485=CARTESIAN_POINT('',(-6.92795307731138,20.0513917714808,24.5282374407555));
#2486=CARTESIAN_POINT('',(-5.78884245655611,20.4104930854119,25.));
#2487=CARTESIAN_POINT('',(-5.,20.6019416560673,25.));
#2488=CARTESIAN_POINT('',(-5.,20.6019416560673,25.));
#2489=CARTESIAN_POINT('',(-5.,17.2,25.));
#2490=CARTESIAN_POINT('',(-5.,17.2,25.));
#2491=CARTESIAN_POINT('',(-5.,17.2,22.));
#2492=CARTESIAN_POINT('',(5.,17.2,25.));
#2493=CARTESIAN_POINT('',(0.,0.,25.));
#2494=CARTESIAN_POINT('',(5.,17.2,25.));
#2495=CARTESIAN_POINT('',(5.,17.2,22.));
#2496=CARTESIAN_POINT('',(17.2,-5.,22.));
#2497=CARTESIAN_POINT('',(20.6019416560673,-5.,25.));
#2498=CARTESIAN_POINT('',(20.4105282741688,-5.78869746521271,25.));
#2499=CARTESIAN_POINT('',(20.0519570331497,-6.9260781955999,24.5279539496109));
#2500=CARTESIAN_POINT('',(19.7015096229071,-7.83332343929357,23.2077957332375));
#2501=CARTESIAN_POINT('',(19.5985682210327,-8.08238153803775,22.0052939323803));
#2502=CARTESIAN_POINT('',(19.6999821337241,-7.83712783248985,20.7995370947511));
#2503=CARTESIAN_POINT('',(20.0513917714809,-6.92795307731137,19.4717625592444));
#2504=CARTESIAN_POINT('',(20.4104930854119,-5.78884245655612,19.));
#2505=CARTESIAN_POINT('',(20.6019416560673,-5.,19.));
#2506=CARTESIAN_POINT('',(20.6019416560673,-5.,25.));
#2507=CARTESIAN_POINT('',(20.6019416560673,-5.,19.));
#2508=CARTESIAN_POINT('',(17.2,-5.,19.));
#2509=CARTESIAN_POINT('',(17.2,-5.,19.));
#2510=CARTESIAN_POINT('',(17.2,-5.,22.));
#2511=CARTESIAN_POINT('',(17.2,-5.,25.));
#2512=CARTESIAN_POINT('',(17.2,-5.,25.));
#2513=CARTESIAN_POINT('',(17.2,-5.,19.));
#2514=CARTESIAN_POINT('',(0.,0.,19.));
#2515=CARTESIAN_POINT('',(20.6019416560673,5.,19.));
#2516=CARTESIAN_POINT('',(17.2,5.,19.));
#2517=CARTESIAN_POINT('',(17.2,5.,19.));
#2518=CARTESIAN_POINT('',(17.2,-5.,19.));
#2519=CARTESIAN_POINT('',(17.2,5.,22.));
#2520=CARTESIAN_POINT('',(20.6019416560673,5.,19.));
#2521=CARTESIAN_POINT('',(20.4105282741688,5.78869746521271,19.));
#2522=CARTESIAN_POINT('',(20.0519570331497,6.9260781955999,19.4720460503891));
#2523=CARTESIAN_POINT('',(19.7015096229071,7.83332343929357,20.7922042667625));
#2524=CARTESIAN_POINT('',(19.5985682210327,8.08238153803775,21.9947060676196));
#2525=CARTESIAN_POINT('',(19.6999821337241,7.83712783248985,23.2004629052489));
#2526=CARTESIAN_POINT('',(20.0513917714808,6.92795307731138,24.5282374407555));
#2527=CARTESIAN_POINT('',(20.4104930854119,5.78884245655612,25.));
#2528=CARTESIAN_POINT('',(20.6019416560673,5.,25.));
#2529=CARTESIAN_POINT('',(20.6019416560673,5.,25.));
#2530=CARTESIAN_POINT('',(17.2,5.,25.));
#2531=CARTESIAN_POINT('',(17.2,5.,25.));
#2532=CARTESIAN_POINT('',(17.2,5.,22.));
#2533=CARTESIAN_POINT('',(17.2,-5.,25.));
#2534=CARTESIAN_POINT('',(0.,0.,25.));
#2535=CARTESIAN_POINT('',(17.2,-5.,25.));
#2536=CARTESIAN_POINT('',(17.2,-5.,22.));
#2537=CARTESIAN_POINT('',(-1.93066696384038E-15,17.,1.99999999999999));
#2538=CARTESIAN_POINT('',(-1.93066696384038E-15,17.,1.99999999999999));
#2539=CARTESIAN_POINT('',(-1.,17.,1.99999999999999));
#2540=CARTESIAN_POINT('',(-1.93066696384038E-15,17.5,1.99999999999999));
#2541=CARTESIAN_POINT('',(-1.,17.5,1.99999999999999));
#2542=CARTESIAN_POINT('',(9.57904619008393,12.3229933461807,73.));
#2543=CARTESIAN_POINT('',(9.57904619008393,12.3229933461807,75.));
#2544=CARTESIAN_POINT('',(10.8064879152395,13.9020395175599,75.));
#2545=CARTESIAN_POINT('',(8.35160446492839,10.7439471748015,75.));
#2546=CARTESIAN_POINT('',(8.35160446492839,10.7439471748015,73.));
#2547=CARTESIAN_POINT('',(8.35160446492839,10.7439471748015,73.));
#2548=CARTESIAN_POINT('',(9.57904619008393,12.3229933461807,73.));
#2549=CARTESIAN_POINT('',(10.8064879152395,13.9020395175599,73.));
#2550=CARTESIAN_POINT('',(10.8064879152395,13.9020395175599,73.));
#2551=CARTESIAN_POINT('',(0.,0.,73.));
#2552=CARTESIAN_POINT('',(0.,0.,75.));
#2553=CARTESIAN_POINT('',(12.2486983783485,5.92883513599255,75.));
#2554=CARTESIAN_POINT('',(12.2486983783485,5.92883513599255,73.));
#2555=CARTESIAN_POINT('',(12.2486983783485,5.92883513599255,73.));
#2556=CARTESIAN_POINT('',(0.,0.,73.));
#2557=CARTESIAN_POINT('',(14.0488989902867,6.80020059134256,73.));
#2558=CARTESIAN_POINT('',(14.0488989902867,6.80020059134256,75.));
#2559=CARTESIAN_POINT('',(15.8490996022249,7.67156604669256,75.));
#2560=CARTESIAN_POINT('',(15.8490996022249,7.67156604669256,73.));
#2561=CARTESIAN_POINT('',(15.8490996022249,7.67156604669256,73.));
#2562=CARTESIAN_POINT('',(14.0488989902867,6.80020059134256,73.));
#2563=CARTESIAN_POINT('',(0.,0.,73.));
#2564=CARTESIAN_POINT('',(0.,0.,75.));
#2565=CARTESIAN_POINT('',(0.,0.,73.));
#2566=CARTESIAN_POINT('',(4.78952309504196,6.16149667309034,73.));
#2567=CARTESIAN_POINT('',(14.048898971513,-6.80020063012822,73.));
#2568=CARTESIAN_POINT('',(14.048898971513,-6.80020063012822,75.));
#2569=CARTESIAN_POINT('',(12.2486983619804,-5.9288351698083,75.));
#2570=CARTESIAN_POINT('',(15.8490995810456,-7.67156609044815,75.));
#2571=CARTESIAN_POINT('',(12.2486983619804,-5.9288351698083,73.));
#2572=CARTESIAN_POINT('',(12.2486983619804,-5.9288351698083,73.));
#2573=CARTESIAN_POINT('',(14.048898971513,-6.80020063012822,73.));
#2574=CARTESIAN_POINT('',(15.8490995810456,-7.67156609044815,73.));
#2575=CARTESIAN_POINT('',(15.8490995810456,-7.67156609044815,73.));
#2576=CARTESIAN_POINT('',(0.,0.,73.));
#2577=CARTESIAN_POINT('',(0.,0.,75.));
#2578=CARTESIAN_POINT('',(10.8064878768592,-13.902039547394,75.));
#2579=CARTESIAN_POINT('',(0.,0.,73.));
#2580=CARTESIAN_POINT('',(10.8064878768592,-13.902039547394,73.));
#2581=CARTESIAN_POINT('',(10.8064878768592,-13.902039547394,73.));
#2582=CARTESIAN_POINT('',(9.57904615606308,-12.3229933726262,73.));
#2583=CARTESIAN_POINT('',(9.57904615606308,-12.3229933726262,75.));
#2584=CARTESIAN_POINT('',(8.35160443526691,-10.7439471978583,75.));
#2585=CARTESIAN_POINT('',(9.57904615606308,-12.3229933726262,73.));
#2586=CARTESIAN_POINT('',(8.35160443526691,-10.7439471978583,73.));
#2587=CARTESIAN_POINT('',(8.35160443526691,-10.7439471978583,73.));
#2588=CARTESIAN_POINT('',(0.,0.,73.));
#2589=CARTESIAN_POINT('',(0.,0.,75.));
#2590=CARTESIAN_POINT('',(0.,0.,73.));
#2591=CARTESIAN_POINT('',(7.02444948575649,-3.40010031506411,73.));
#2592=CARTESIAN_POINT('',(8.75,0.,75.));
#2593=CARTESIAN_POINT('',(14.,1.71450551880629E-15,75.));
#2594=CARTESIAN_POINT('',(14.,1.25,75.));
#2595=CARTESIAN_POINT('',(0.,0.,75.));
#2596=CARTESIAN_POINT('',(20.2,0.,75.));
#2597=CARTESIAN_POINT('',(-9.5790461730735,-12.3229933594034,75.));
#2598=CARTESIAN_POINT('',(-10.8064878960494,-13.9020395324769,75.));
#2599=CARTESIAN_POINT('',(-8.35160445009765,-10.7439471863299,75.));
#2600=CARTESIAN_POINT('',(0.,0.,75.));
#2601=CARTESIAN_POINT('',(-15.8490995916352,-7.67156606857035,75.));
#2602=CARTESIAN_POINT('',(-14.0488989808999,-6.80020061073539,75.));
#2603=CARTESIAN_POINT('',(-12.2486983701645,-5.92883515290042,75.));
#2604=CARTESIAN_POINT('',(0.,0.,75.));
#2605=CARTESIAN_POINT('',(-1.77573785876366E-15,14.5,75.));
#2606=CARTESIAN_POINT('',(-1.77573785876366E-15,12.879,75.));
#2607=CARTESIAN_POINT('',(0.,-14.5,75.));
#2608=CARTESIAN_POINT('',(0.,-16.121,75.));
#2609=CARTESIAN_POINT('',(0.,0.,75.));
#2610=CARTESIAN_POINT('',(8.75,0.,75.));
#2611=CARTESIAN_POINT('',(0.,0.,75.));
#2612=CARTESIAN_POINT('',(-8.35160445009765,10.7439471863299,75.));
#2613=CARTESIAN_POINT('',(-12.2486983701645,5.92883515290043,75.));
#2614=CARTESIAN_POINT('',(-14.0488989808999,6.80020061073539,75.));
#2615=CARTESIAN_POINT('',(-15.8490995916352,7.67156606857036,75.));
#2616=CARTESIAN_POINT('',(0.,0.,75.));
#2617=CARTESIAN_POINT('',(-10.8064878960494,13.9020395324769,75.));
#2618=CARTESIAN_POINT('',(-9.5790461730735,12.3229933594034,75.));
#2619=CARTESIAN_POINT('',(21.2,0.,8.99999999999999));
#2620=CARTESIAN_POINT('',(-2.4,-17.,8.99999999999999));
#2621=CARTESIAN_POINT('',(-2.4,-17.,8.99999999999999));
#2622=CARTESIAN_POINT('',(-2.4,-17.5,8.99999999999999));
#2623=CARTESIAN_POINT('',(-2.4,-17.5,8.99999999999999));
#2624=CARTESIAN_POINT('',(2.4,-17.5,8.99999999999999));
#2625=CARTESIAN_POINT('',(2.4,-17.5,8.99999999999999));
#2626=CARTESIAN_POINT('',(2.4,-17.,8.99999999999999));
#2627=CARTESIAN_POINT('',(2.4,-17.,8.99999999999999));
#2628=CARTESIAN_POINT('',(-2.4,17.5,8.99999999999999));
#2629=CARTESIAN_POINT('',(-2.4,17.5,8.99999999999999));
#2630=CARTESIAN_POINT('',(-2.4,17.,8.99999999999999));
#2631=CARTESIAN_POINT('',(-2.4,17.,8.99999999999999));
#2632=CARTESIAN_POINT('',(2.4,17.,8.99999999999999));
#2633=CARTESIAN_POINT('',(2.4,17.,8.99999999999999));
#2634=CARTESIAN_POINT('',(2.4,17.5,8.99999999999999));
#2635=CARTESIAN_POINT('',(2.4,17.5,8.99999999999999));
#2636=CARTESIAN_POINT('',(0.,0.,8.99999999999999));
#2637=CARTESIAN_POINT('',(8.75,0.,8.99999999999999));
#2638=CARTESIAN_POINT('',(0.,0.,8.99999999999999));
#2639=CARTESIAN_POINT('',(21.2,0.,8.99999999999999));
#2640=CARTESIAN_POINT('',(0.,0.,0.));
#2641=CARTESIAN_POINT('',(0.,0.,1.99999999999999));
#2642=CARTESIAN_POINT('',(8.75,0.,1.99999999999999));
#2643=CARTESIAN_POINT('',(8.75,0.,1.99999999999999));
#2644=CARTESIAN_POINT('',(0.,0.,1.99999999999999));
#2645=CARTESIAN_POINT('',(2.5,0.,1.99999999999999));
#2646=CARTESIAN_POINT('',(0.,0.,0.));
#2647=CARTESIAN_POINT('',(0.,0.,0.));
#2648=CARTESIAN_POINT('',(2.5,0.,0.));
#2649=CARTESIAN_POINT('',(2.5,0.,0.));
#2650=CARTESIAN_POINT('',(0.,0.,94.));
#2651=CARTESIAN_POINT('',(0.,0.,94.));
#2652=CARTESIAN_POINT('',(1.5,0.,94.));
#2653=CARTESIAN_POINT('',(0.,0.,0.));
#2654=CARTESIAN_POINT('',(0.,0.,93.));
#2655=CARTESIAN_POINT('',(2.5,0.,93.));
#2656=CARTESIAN_POINT('',(0.,0.,79.2));
#2657=CARTESIAN_POINT('',(2.5,0.,79.2));
#2658=CARTESIAN_POINT('',(2.5,0.,79.2));
#2659=CARTESIAN_POINT('',(0.,0.,79.2));
#2660=CARTESIAN_POINT('',(8.05,0.,79.2));
#2661=CARTESIAN_POINT('',(0.,0.,0.));
#2662=CARTESIAN_POINT('',(0.,0.,78.5));
#2663=CARTESIAN_POINT('',(8.75,0.,78.5));
#2664=CARTESIAN_POINT('',(0.,0.,0.));
#2665=CARTESIAN_POINT('',(0.,0.,74.));
#2666=CARTESIAN_POINT('',(21.2,0.,74.));
#2667=CARTESIAN_POINT('',(0.,0.,70.5));
#2668=CARTESIAN_POINT('',(21.1569728458492,1.35,70.5));
#2669=CARTESIAN_POINT('',(21.1569728458492,-1.35,70.5));
#2670=CARTESIAN_POINT('',(21.1569728458492,-1.35,70.5));
#2671=CARTESIAN_POINT('',(21.1569728458492,-1.35,36.5));
#2672=CARTESIAN_POINT('',(0.,0.,36.5));
#2673=CARTESIAN_POINT('',(21.1569728458492,1.35,36.5));
#2674=CARTESIAN_POINT('',(21.1569728458492,1.35,70.5));
#2675=CARTESIAN_POINT('',(0.,0.,25.));
#2676=CARTESIAN_POINT('',(5.,-20.6019416560673,25.));
#2677=CARTESIAN_POINT('',(-5.,-20.6019416560673,25.));
#2678=CARTESIAN_POINT('',(5.,-20.6019416560673,19.));
#2679=CARTESIAN_POINT('',(5.78869746521271,-20.4105282741688,19.));
#2680=CARTESIAN_POINT('',(6.9260781955999,-20.0519570331498,19.4720460503891));
#2681=CARTESIAN_POINT('',(7.83332343929357,-19.7015096229071,20.7922042667625));
#2682=CARTESIAN_POINT('',(8.08238153803775,-19.5985682210327,21.9947060676197));
#2683=CARTESIAN_POINT('',(7.83712783248984,-19.6999821337241,23.2004629052489));
#2684=CARTESIAN_POINT('',(6.92795307731137,-20.0513917714808,24.5282374407555));
#2685=CARTESIAN_POINT('',(5.78884245655611,-20.4104930854119,25.));
#2686=CARTESIAN_POINT('',(5.,-20.6019416560673,25.));
#2687=CARTESIAN_POINT('',(5.,-20.6019416560673,19.));
#2688=CARTESIAN_POINT('',(0.,0.,19.));
#2689=CARTESIAN_POINT('',(-5.,-20.6019416560673,19.));
#2690=CARTESIAN_POINT('',(-5.,-20.6019416560673,25.));
#2691=CARTESIAN_POINT('',(-5.78869746521271,-20.4105282741688,25.));
#2692=CARTESIAN_POINT('',(-6.9260781955999,-20.0519570331497,24.5279539496109));
#2693=CARTESIAN_POINT('',(-7.83332343929358,-19.7015096229071,23.2077957332375));
#2694=CARTESIAN_POINT('',(-8.08238153803775,-19.5985682210327,22.0052939323803));
#2695=CARTESIAN_POINT('',(-7.83712783248985,-19.6999821337241,20.7995370947511));
#2696=CARTESIAN_POINT('',(-6.92795307731138,-20.0513917714809,19.4717625592444));
#2697=CARTESIAN_POINT('',(-5.78884245655612,-20.4104930854119,19.));
#2698=CARTESIAN_POINT('',(-5.,-20.6019416560673,19.));
#2699=CARTESIAN_POINT('',(21.2,0.,70.5));
#2700=CARTESIAN_POINT('',(22.459463484242,-1.35,70.5));
#2701=CARTESIAN_POINT('',(22.459463484242,-1.35,70.5));
#2702=CARTESIAN_POINT('',(22.459463484242,1.35,70.5));
#2703=CARTESIAN_POINT('',(22.459463484242,1.35,70.5));
#2704=CARTESIAN_POINT('',(0.,0.,70.5));
#2705=CARTESIAN_POINT('',(0.,0.,0.));
#2706=CARTESIAN_POINT('',(22.459463484242,-1.35,70.5));
#2707=CARTESIAN_POINT('',(22.459463484242,-1.35,36.5));
#2708=CARTESIAN_POINT('',(22.459463484242,1.35,70.5));
#2709=CARTESIAN_POINT('',(22.459463484242,1.35,36.5));
#2710=CARTESIAN_POINT('',(0.,0.,36.5));
#2711=CARTESIAN_POINT('',(22.5,0.,36.5));
#2712=CARTESIAN_POINT('',(22.459463484242,-1.35,36.5));
#2713=CARTESIAN_POINT('',(22.459463484242,1.35,36.5));
#2714=CARTESIAN_POINT('',(0.,0.,78.5));
#2715=CARTESIAN_POINT('',(0.,-14.5,71.5));
#2716=CARTESIAN_POINT('',(0.,-14.5,71.5));
#2717=CARTESIAN_POINT('',(0.,-16.121,71.5));
#2718=CARTESIAN_POINT('',(0.,-14.5,75.));
#2719=CARTESIAN_POINT('',(-1.77573785876366E-15,14.5,71.5));
#2720=CARTESIAN_POINT('',(-1.77573785876366E-15,14.5,71.5));
#2721=CARTESIAN_POINT('',(-1.77573785876366E-15,12.879,71.5));
#2722=CARTESIAN_POINT('',(-1.77573785876366E-15,14.5,75.));
#2723=CARTESIAN_POINT('',(-9.5790461730735,-12.3229933594034,73.));
#2724=CARTESIAN_POINT('',(-8.35160445009765,-10.7439471863299,73.));
#2725=CARTESIAN_POINT('',(-8.35160445009765,-10.7439471863299,73.));
#2726=CARTESIAN_POINT('',(-9.5790461730735,-12.3229933594034,73.));
#2727=CARTESIAN_POINT('',(-10.8064878960494,-13.9020395324769,73.));
#2728=CARTESIAN_POINT('',(-10.8064878960494,-13.9020395324769,73.));
#2729=CARTESIAN_POINT('',(0.,0.,73.));
#2730=CARTESIAN_POINT('',(-12.2486983701645,-5.92883515290042,73.));
#2731=CARTESIAN_POINT('',(-12.2486983701645,-5.92883515290042,73.));
#2732=CARTESIAN_POINT('',(0.,0.,73.));
#2733=CARTESIAN_POINT('',(-14.0488989808999,-6.80020061073539,73.));
#2734=CARTESIAN_POINT('',(-15.8490995916352,-7.67156606857035,73.));
#2735=CARTESIAN_POINT('',(-15.8490995916352,-7.67156606857035,73.));
#2736=CARTESIAN_POINT('',(-14.0488989808999,-6.80020061073539,73.));
#2737=CARTESIAN_POINT('',(0.,0.,73.));
#2738=CARTESIAN_POINT('',(0.,0.,73.));
#2739=CARTESIAN_POINT('',(-4.78952308653675,-6.16149667970171,73.));
#2740=CARTESIAN_POINT('',(-14.0488989808999,6.80020061073539,73.));
#2741=CARTESIAN_POINT('',(-12.2486983701645,5.92883515290043,73.));
#2742=CARTESIAN_POINT('',(-12.2486983701645,5.92883515290043,73.));
#2743=CARTESIAN_POINT('',(-14.0488989808999,6.80020061073539,73.));
#2744=CARTESIAN_POINT('',(-15.8490995916352,7.67156606857036,73.));
#2745=CARTESIAN_POINT('',(-15.8490995916352,7.67156606857036,73.));
#2746=CARTESIAN_POINT('',(0.,0.,73.));
#2747=CARTESIAN_POINT('',(0.,0.,73.));
#2748=CARTESIAN_POINT('',(-10.8064878960494,13.9020395324769,73.));
#2749=CARTESIAN_POINT('',(-10.8064878960494,13.9020395324769,73.));
#2750=CARTESIAN_POINT('',(-9.5790461730735,12.3229933594034,73.));
#2751=CARTESIAN_POINT('',(-9.5790461730735,12.3229933594034,73.));
#2752=CARTESIAN_POINT('',(-8.35160445009765,10.7439471863299,73.));
#2753=CARTESIAN_POINT('',(-8.35160445009765,10.7439471863299,73.));
#2754=CARTESIAN_POINT('',(0.,0.,73.));
#2755=CARTESIAN_POINT('',(0.,0.,73.));
#2756=CARTESIAN_POINT('',(-7.02444949044993,3.40010030536769,73.));
#2757=CARTESIAN_POINT('',(-5.,-17.2,22.));
#2758=CARTESIAN_POINT('',(-5.,-17.2,19.));
#2759=CARTESIAN_POINT('',(-5.,-17.2,19.));
#2760=CARTESIAN_POINT('',(-5.,-17.2,22.));
#2761=CARTESIAN_POINT('',(-5.,-17.2,25.));
#2762=CARTESIAN_POINT('',(-5.,-17.2,25.));
#2763=CARTESIAN_POINT('',(-5.,-17.2,19.));
#2764=CARTESIAN_POINT('',(5.,-17.2,19.));
#2765=CARTESIAN_POINT('',(5.,-17.2,19.));
#2766=CARTESIAN_POINT('',(-5.,-17.2,19.));
#2767=CARTESIAN_POINT('',(5.,-17.2,22.));
#2768=CARTESIAN_POINT('',(5.,-17.2,25.));
#2769=CARTESIAN_POINT('',(5.,-17.2,25.));
#2770=CARTESIAN_POINT('',(5.,-17.2,22.));
#2771=CARTESIAN_POINT('',(-5.,-17.2,25.));
#2772=CARTESIAN_POINT('',(-5.,-17.2,25.));
#2773=CARTESIAN_POINT('',(-5.,-17.2,22.));
#2774=CARTESIAN_POINT('',(-2.4,17.5,-6.93889390390723E-15));
#2775=CARTESIAN_POINT('',(-2.4,17.5,-6.93889390390723E-15));
#2776=CARTESIAN_POINT('',(-2.4,17.5,0.999999999999993));
#2777=CARTESIAN_POINT('',(-2.4,17.,0.999999999999993));
#2778=CARTESIAN_POINT('',(-2.4,17.,0.999999999999993));
#2779=CARTESIAN_POINT('',(-2.4,17.,-6.93889390390723E-15));
#2780=CARTESIAN_POINT('',(-2.4,17.,-6.93889390390723E-15));
#2781=CARTESIAN_POINT('',(-1.9,17.,0.499999999999993));
#2782=CARTESIAN_POINT('',(-1.4,17.,-6.93889390390723E-15));
#2783=CARTESIAN_POINT('',(-2.4,17.,-6.93889390390723E-15));
#2784=CARTESIAN_POINT('',(1.4,17.,-6.93889390390723E-15));
#2785=CARTESIAN_POINT('',(-0.5,17.,-1.90000000000001));
#2786=CARTESIAN_POINT('',(2.4,17.,0.999999999999993));
#2787=CARTESIAN_POINT('',(2.4,17.,-6.93889390390723E-15));
#2788=CARTESIAN_POINT('',(2.4,17.,-6.93889390390723E-15));
#2789=CARTESIAN_POINT('',(2.4,17.5,0.999999999999993));
#2790=CARTESIAN_POINT('',(2.4,17.5,0.999999999999993));
#2791=CARTESIAN_POINT('',(2.4,17.5,-6.93889390390723E-15));
#2792=CARTESIAN_POINT('',(2.4,17.5,-6.93889390390723E-15));
#2793=CARTESIAN_POINT('',(2.4,17.5,-6.93889390390723E-15));
#2794=CARTESIAN_POINT('',(1.4,17.5,-6.93889390390723E-15));
#2795=CARTESIAN_POINT('',(-1.4,17.5,-6.93889390390723E-15));
#2796=CARTESIAN_POINT('',(0.5,17.5,-1.90000000000001));
#2797=CARTESIAN_POINT('',(1.9,17.5,0.499999999999993));
#2798=CARTESIAN_POINT('',(0.,0.,-6.93889390390723E-15));
#2799=CARTESIAN_POINT('',(-1.4,17.5,-6.93889390390723E-15));
#2800=CARTESIAN_POINT('',(1.4,17.,-6.93889390390723E-15));
#2801=CARTESIAN_POINT('',(-2.4,-17.,-6.93889390390723E-15));
#2802=CARTESIAN_POINT('',(-2.4,-17.,-6.93889390390723E-15));
#2803=CARTESIAN_POINT('',(-2.4,-17.,0.999999999999993));
#2804=CARTESIAN_POINT('',(-2.4,-17.5,0.999999999999993));
#2805=CARTESIAN_POINT('',(-2.4,-17.5,0.999999999999993));
#2806=CARTESIAN_POINT('',(-2.4,-17.5,-6.93889390390723E-15));
#2807=CARTESIAN_POINT('',(-2.4,-17.5,-6.93889390390723E-15));
#2808=CARTESIAN_POINT('',(-1.93066696384038E-15,-17.5,1.99999999999999));
#2809=CARTESIAN_POINT('',(-1.,-17.5,1.99999999999999));
#2810=CARTESIAN_POINT('',(-1.9,-17.5,0.499999999999993));
#2811=CARTESIAN_POINT('',(-1.4,-17.5,-6.93889390390723E-15));
#2812=CARTESIAN_POINT('',(-2.4,-17.5,-6.93889390390723E-15));
#2813=CARTESIAN_POINT('',(1.4,-17.5,-6.93889390390723E-15));
#2814=CARTESIAN_POINT('',(-0.500000000000002,-17.5,-1.90000000000001));
#2815=CARTESIAN_POINT('',(2.4,-17.5,0.999999999999993));
#2816=CARTESIAN_POINT('',(2.4,-17.5,-6.93889390390723E-15));
#2817=CARTESIAN_POINT('',(2.4,-17.5,-6.93889390390723E-15));
#2818=CARTESIAN_POINT('',(2.4,-17.,0.999999999999993));
#2819=CARTESIAN_POINT('',(2.4,-17.,0.999999999999993));
#2820=CARTESIAN_POINT('',(2.4,-17.,-6.93889390390723E-15));
#2821=CARTESIAN_POINT('',(2.4,-17.,-6.93889390390723E-15));
#2822=CARTESIAN_POINT('',(-1.93066696384038E-15,-17.,1.99999999999999));
#2823=CARTESIAN_POINT('',(-1.,-17.,1.99999999999999));
#2824=CARTESIAN_POINT('',(2.4,-17.,-6.93889390390723E-15));
#2825=CARTESIAN_POINT('',(1.4,-17.,-6.93889390390723E-15));
#2826=CARTESIAN_POINT('',(-1.4,-17.,-6.93889390390723E-15));
#2827=CARTESIAN_POINT('',(0.499999999999998,-17.,-1.90000000000001));
#2828=CARTESIAN_POINT('',(1.9,-17.,0.499999999999993));
#2829=CARTESIAN_POINT('',(0.,0.,-6.93889390390723E-15));
#2830=CARTESIAN_POINT('',(-1.4,-17.,-6.93889390390723E-15));
#2831=CARTESIAN_POINT('',(1.4,-17.5,-6.93889390390723E-15));
#2832=CARTESIAN_POINT('',(-1.93066696384038E-15,-17.,1.99999999999999));
#2833=CARTESIAN_POINT('',(-2.4,17.5,0.999999999999993));
#2834=CARTESIAN_POINT('',(2.4,17.,0.999999999999993));
#2835=CARTESIAN_POINT('',(-2.4,-17.,0.999999999999993));
#2836=CARTESIAN_POINT('',(2.4,-17.5,0.999999999999993));
#2837=CARTESIAN_POINT('',(0.,0.,93.));
#2838=CARTESIAN_POINT('',(0.,0.,74.));
#2839=CARTESIAN_POINT('',(22.459463484242,-1.35,70.5));
#2840=CARTESIAN_POINT('',(22.459463484242,1.35,70.5));
#2841=CARTESIAN_POINT('',(14.,1.71450551880629E-15,73.));
#2842=CARTESIAN_POINT('',(14.,1.71450551880629E-15,73.));
#2843=CARTESIAN_POINT('',(14.,1.25,73.));
#2844=CARTESIAN_POINT('',(14.,1.71450551880629E-15,73.));
#2845=MECHANICAL_DESIGN_GEOMETRIC_PRESENTATION_REPRESENTATION('',(#1204,
#1205,#1206,#1207,#1208,#1209,#1210,#1211,#1212,#1213,#1214,#1215,#1216,
#1217,#1218,#1219,#1220,#1221,#1222,#1223,#1224,#1225,#1226,#1227,#1228,
#1229,#1230,#1231,#1232,#1233,#1234,#1235,#1236,#1237,#1238,#1239,#1240,
#1241,#1242,#1243,#1244,#1245,#1246,#1247,#1248,#1249,#1250,#1251,#1252,
#1253,#1254,#1255,#1256,#1257,#1258,#1259,#1260,#1261,#1262,#1263,#1264,
#1265,#1266,#1267,#1268,#1269,#1270,#1271,#1272,#1273,#1274,#1275,#1276,
#1277,#1278,#1279,#1280,#1281,#1282,#1283,#1284),#2846);
#2846=(
GEOMETRIC_REPRESENTATION_CONTEXT(3)
GLOBAL_UNCERTAINTY_ASSIGNED_CONTEXT((#2847))
GLOBAL_UNIT_ASSIGNED_CONTEXT((#2850,#2849,#2848))
REPRESENTATION_CONTEXT('Transmotec-CAD-770','TOP_LEVEL_ASSEMBLY_PART')
);
#2847=UNCERTAINTY_MEASURE_WITH_UNIT(LENGTH_MEASURE(0.005),#2850,
'DISTANCE_ACCURACY_VALUE','Maximum Tolerance applied to model');
#2848=(
NAMED_UNIT(*)
SI_UNIT($,.STERADIAN.)
SOLID_ANGLE_UNIT()
);
#2849=(
NAMED_UNIT(*)
PLANE_ANGLE_UNIT()
SI_UNIT($,.RADIAN.)
);
#2850=(
LENGTH_UNIT()
NAMED_UNIT(*)
SI_UNIT(.MILLI.,.METRE.)
);
#2851=PRODUCT_DEFINITION_SHAPE('','',#2852);
#2852=PRODUCT_DEFINITION('','',#2854,#2853);
#2853=PRODUCT_DEFINITION_CONTEXT('',#2860,'design');
#2854=PRODUCT_DEFINITION_FORMATION_WITH_SPECIFIED_SOURCE('','',#2856,
 .NOT_KNOWN.);
#2855=PRODUCT_RELATED_PRODUCT_CATEGORY('','',(#2856));
#2856=PRODUCT('Transmotec-CAD-770','Transmotec-CAD-770',
'Transmotec-CAD-770',(#2858));
#2857=PRODUCT_CATEGORY('','');
#2858=PRODUCT_CONTEXT('',#2860,'mechanical');
#2859=APPLICATION_PROTOCOL_DEFINITION('international standard',
'automotive_design',2010,#2860);
#2860=APPLICATION_CONTEXT(
'core data for automotive mechanical design processes');
ENDSEC;
END-ISO-10303-21;
