ISO-10303-21;
HEADER;
FILE_DESCRIPTION(('FreeCAD Model'),'2;1');
FILE_NAME('Open CASCADE Shape Model','2026-07-13T09:56:45',(''),(''),
  'Open CASCADE STEP processor 7.8','FreeCAD','Unknown');
FILE_SCHEMA(('AUTOMOTIVE_DESIGN { 1 0 10303 214 1 1 1 1 }'));
ENDSEC;
DATA;
#1 = APPLICATION_PROTOCOL_DEFINITION('international standard',
  'automotive_design',2000,#2);
#2 = APPLICATION_CONTEXT(
  'core data for automotive mechanical design processes');
#3 = SHAPE_DEFINITION_REPRESENTATION(#4,#10);
#4 = PRODUCT_DEFINITION_SHAPE('','',#5);
#5 = PRODUCT_DEFINITION('design','',#6,#9);
#6 = PRODUCT_DEFINITION_FORMATION('','',#7);
#7 = PRODUCT('Unnamed','Unnamed','',(#8));
#8 = PRODUCT_CONTEXT('',#2,'mechanical');
#9 = PRODUCT_DEFINITION_CONTEXT('part definition',#2,'design');
#10 = SHAPE_REPRESENTATION('',(#11,#15,#19,#23),#27);
#11 = AXIS2_PLACEMENT_3D('',#12,#13,#14);
#12 = CARTESIAN_POINT('',(0.,0.,0.));
#13 = DIRECTION('',(0.,0.,1.));
#14 = DIRECTION('',(1.,0.,-0.));
#15 = AXIS2_PLACEMENT_3D('',#16,#17,#18);
#16 = CARTESIAN_POINT('',(0.,0.,0.));
#17 = DIRECTION('',(0.,0.,1.));
#18 = DIRECTION('',(1.,0.,0.));
#19 = AXIS2_PLACEMENT_3D('',#20,#21,#22);
#20 = CARTESIAN_POINT('',(0.,0.,0.));
#21 = DIRECTION('',(0.,0.,1.));
#22 = DIRECTION('',(1.,0.,0.));
#23 = AXIS2_PLACEMENT_3D('',#24,#25,#26);
#24 = CARTESIAN_POINT('',(0.,0.,0.));
#25 = DIRECTION('',(0.,0.,1.));
#26 = DIRECTION('',(1.,0.,0.));
#27 = ( GEOMETRIC_REPRESENTATION_CONTEXT(3) 
GLOBAL_UNCERTAINTY_ASSIGNED_CONTEXT((#31)) GLOBAL_UNIT_ASSIGNED_CONTEXT(
(#28,#29,#30)) REPRESENTATION_CONTEXT('Context #1',
  '3D Context with UNIT and UNCERTAINTY') );
#28 = ( LENGTH_UNIT() NAMED_UNIT(*) SI_UNIT(.MILLI.,.METRE.) );
#29 = ( NAMED_UNIT(*) PLANE_ANGLE_UNIT() SI_UNIT($,.RADIAN.) );
#30 = ( NAMED_UNIT(*) SI_UNIT($,.STERADIAN.) SOLID_ANGLE_UNIT() );
#31 = UNCERTAINTY_MEASURE_WITH_UNIT(LENGTH_MEASURE(5.E-06),#28,
  'distance_accuracy_value','confusion accuracy');
#32 = PRODUCT_RELATED_PRODUCT_CATEGORY('part',$,(#7));
#33 = SHAPE_DEFINITION_REPRESENTATION(#34,#40);
#34 = PRODUCT_DEFINITION_SHAPE('','',#35);
#35 = PRODUCT_DEFINITION('design','',#36,#39);
#36 = PRODUCT_DEFINITION_FORMATION('','',#37);
#37 = PRODUCT('Motor','Motor','',(#38));
#38 = PRODUCT_CONTEXT('',#2,'mechanical');
#39 = PRODUCT_DEFINITION_CONTEXT('part definition',#2,'design');
#40 = ADVANCED_BREP_SHAPE_REPRESENTATION('',(#11,#41),#229);
#41 = MANIFOLD_SOLID_BREP('',#42);
#42 = CLOSED_SHELL('',(#43,#76,#96,#105,#130,#150,#175,#195,#220));
#43 = ADVANCED_FACE('',(#44),#71,.T.);
#44 = FACE_BOUND('',#45,.T.);
#45 = EDGE_LOOP('',(#46,#56,#63,#64));
#46 = ORIENTED_EDGE('',*,*,#47,.T.);
#47 = EDGE_CURVE('',#48,#50,#52,.T.);
#48 = VERTEX_POINT('',#49);
#49 = CARTESIAN_POINT('',(17.25,0.,0.));
#50 = VERTEX_POINT('',#51);
#51 = CARTESIAN_POINT('',(17.25,46.5,-1.032507412901E-14));
#52 = LINE('',#53,#54);
#53 = CARTESIAN_POINT('',(17.25,0.,0.));
#54 = VECTOR('',#55,1.);
#55 = DIRECTION('',(0.,1.,-2.22044604925E-16));
#56 = ORIENTED_EDGE('',*,*,#57,.T.);
#57 = EDGE_CURVE('',#50,#50,#58,.T.);
#58 = CIRCLE('',#59,17.25);
#59 = AXIS2_PLACEMENT_3D('',#60,#61,#62);
#60 = CARTESIAN_POINT('',(0.,46.5,-1.032507412901E-14));
#61 = DIRECTION('',(0.,-1.,2.22044604925E-16));
#62 = DIRECTION('',(1.,0.,0.));
#63 = ORIENTED_EDGE('',*,*,#47,.F.);
#64 = ORIENTED_EDGE('',*,*,#65,.F.);
#65 = EDGE_CURVE('',#48,#48,#66,.T.);
#66 = CIRCLE('',#67,17.25);
#67 = AXIS2_PLACEMENT_3D('',#68,#69,#70);
#68 = CARTESIAN_POINT('',(0.,0.,0.));
#69 = DIRECTION('',(0.,-1.,2.22044604925E-16));
#70 = DIRECTION('',(1.,0.,0.));
#71 = CYLINDRICAL_SURFACE('',#72,17.25);
#72 = AXIS2_PLACEMENT_3D('',#73,#74,#75);
#73 = CARTESIAN_POINT('',(0.,0.,0.));
#74 = DIRECTION('',(0.,-1.,2.22044604925E-16));
#75 = DIRECTION('',(1.,0.,0.));
#76 = ADVANCED_FACE('',(#77,#80),#91,.F.);
#77 = FACE_BOUND('',#78,.F.);
#78 = EDGE_LOOP('',(#79));
#79 = ORIENTED_EDGE('',*,*,#65,.F.);
#80 = FACE_BOUND('',#81,.F.);
#81 = EDGE_LOOP('',(#82));
#82 = ORIENTED_EDGE('',*,*,#83,.T.);
#83 = EDGE_CURVE('',#84,#84,#86,.T.);
#84 = VERTEX_POINT('',#85);
#85 = CARTESIAN_POINT('',(4.,1.252727606877E-31,0.));
#86 = CIRCLE('',#87,4.);
#87 = AXIS2_PLACEMENT_3D('',#88,#89,#90);
#88 = CARTESIAN_POINT('',(0.,1.252727606877E-31,0.));
#89 = DIRECTION('',(0.,-1.,2.22044604925E-16));
#90 = DIRECTION('',(1.,0.,0.));
#91 = PLANE('',#92);
#92 = AXIS2_PLACEMENT_3D('',#93,#94,#95);
#93 = CARTESIAN_POINT('',(-6.341751339313E-16,1.252727606877E-31,
    5.641783583529E-16));
#94 = DIRECTION('',(0.,1.,0.));
#95 = DIRECTION('',(0.,0.,1.));
#96 = ADVANCED_FACE('',(#97),#100,.T.);
#97 = FACE_BOUND('',#98,.F.);
#98 = EDGE_LOOP('',(#99));
#99 = ORIENTED_EDGE('',*,*,#57,.T.);
#100 = PLANE('',#101);
#101 = AXIS2_PLACEMENT_3D('',#102,#103,#104);
#102 = CARTESIAN_POINT('',(-6.341751339313E-16,46.5,-9.760895770661E-15)
  );
#103 = DIRECTION('',(0.,1.,0.));
#104 = DIRECTION('',(0.,0.,1.));
#105 = ADVANCED_FACE('',(#106),#125,.T.);
#106 = FACE_BOUND('',#107,.F.);
#107 = EDGE_LOOP('',(#108,#116,#123,#124));
#108 = ORIENTED_EDGE('',*,*,#109,.T.);
#109 = EDGE_CURVE('',#84,#110,#112,.T.);
#110 = VERTEX_POINT('',#111);
#111 = CARTESIAN_POINT('',(4.,-2.,4.440892098501E-16));
#112 = LINE('',#113,#114);
#113 = CARTESIAN_POINT('',(4.,1.252727606877E-31,0.));
#114 = VECTOR('',#115,1.);
#115 = DIRECTION('',(0.,-1.,2.22044604925E-16));
#116 = ORIENTED_EDGE('',*,*,#117,.T.);
#117 = EDGE_CURVE('',#110,#110,#118,.T.);
#118 = CIRCLE('',#119,4.);
#119 = AXIS2_PLACEMENT_3D('',#120,#121,#122);
#120 = CARTESIAN_POINT('',(0.,-2.,4.440892098501E-16));
#121 = DIRECTION('',(0.,-1.,2.22044604925E-16));
#122 = DIRECTION('',(1.,0.,0.));
#123 = ORIENTED_EDGE('',*,*,#109,.F.);
#124 = ORIENTED_EDGE('',*,*,#83,.F.);
#125 = CYLINDRICAL_SURFACE('',#126,4.);
#126 = AXIS2_PLACEMENT_3D('',#127,#128,#129);
#127 = CARTESIAN_POINT('',(0.,1.252727606877E-31,0.));
#128 = DIRECTION('',(0.,1.,-2.22044604925E-16));
#129 = DIRECTION('',(1.,0.,0.));
#130 = ADVANCED_FACE('',(#131,#134),#145,.F.);
#131 = FACE_BOUND('',#132,.F.);
#132 = EDGE_LOOP('',(#133));
#133 = ORIENTED_EDGE('',*,*,#117,.F.);
#134 = FACE_BOUND('',#135,.F.);
#135 = EDGE_LOOP('',(#136));
#136 = ORIENTED_EDGE('',*,*,#137,.T.);
#137 = EDGE_CURVE('',#138,#138,#140,.T.);
#138 = VERTEX_POINT('',#139);
#139 = CARTESIAN_POINT('',(1.,-2.,0.));
#140 = CIRCLE('',#141,1.);
#141 = AXIS2_PLACEMENT_3D('',#142,#143,#144);
#142 = CARTESIAN_POINT('',(0.,-2.,0.));
#143 = DIRECTION('',(0.,-1.,2.22044604925E-16));
#144 = DIRECTION('',(1.,0.,0.));
#145 = PLANE('',#146);
#146 = AXIS2_PLACEMENT_3D('',#147,#148,#149);
#147 = CARTESIAN_POINT('',(-2.563950248511E-16,-2.,7.93593019666E-16));
#148 = DIRECTION('',(0.,1.,0.));
#149 = DIRECTION('',(0.,0.,1.));
#150 = ADVANCED_FACE('',(#151),#170,.T.);
#151 = FACE_BOUND('',#152,.F.);
#152 = EDGE_LOOP('',(#153,#161,#168,#169));
#153 = ORIENTED_EDGE('',*,*,#154,.T.);
#154 = EDGE_CURVE('',#138,#155,#157,.T.);
#155 = VERTEX_POINT('',#156);
#156 = CARTESIAN_POINT('',(1.,-5.,6.661338147751E-16));
#157 = LINE('',#158,#159);
#158 = CARTESIAN_POINT('',(1.,-2.,0.));
#159 = VECTOR('',#160,1.);
#160 = DIRECTION('',(0.,-1.,2.22044604925E-16));
#161 = ORIENTED_EDGE('',*,*,#162,.T.);
#162 = EDGE_CURVE('',#155,#155,#163,.T.);
#163 = CIRCLE('',#164,1.);
#164 = AXIS2_PLACEMENT_3D('',#165,#166,#167);
#165 = CARTESIAN_POINT('',(0.,-5.,6.661338147751E-16));
#166 = DIRECTION('',(0.,-1.,2.22044604925E-16));
#167 = DIRECTION('',(1.,0.,0.));
#168 = ORIENTED_EDGE('',*,*,#154,.F.);
#169 = ORIENTED_EDGE('',*,*,#137,.F.);
#170 = CYLINDRICAL_SURFACE('',#171,1.);
#171 = AXIS2_PLACEMENT_3D('',#172,#173,#174);
#172 = CARTESIAN_POINT('',(0.,-2.,0.));
#173 = DIRECTION('',(0.,1.,-2.22044604925E-16));
#174 = DIRECTION('',(1.,0.,0.));
#175 = ADVANCED_FACE('',(#176,#187),#190,.T.);
#176 = FACE_BOUND('',#177,.T.);
#177 = EDGE_LOOP('',(#178));
#178 = ORIENTED_EDGE('',*,*,#179,.F.);
#179 = EDGE_CURVE('',#180,#180,#182,.T.);
#180 = VERTEX_POINT('',#181);
#181 = CARTESIAN_POINT('',(3.,-5.,0.));
#182 = CIRCLE('',#183,3.);
#183 = AXIS2_PLACEMENT_3D('',#184,#185,#186);
#184 = CARTESIAN_POINT('',(0.,-5.,0.));
#185 = DIRECTION('',(0.,-1.,2.22044604925E-16));
#186 = DIRECTION('',(1.,0.,0.));
#187 = FACE_BOUND('',#188,.T.);
#188 = EDGE_LOOP('',(#189));
#189 = ORIENTED_EDGE('',*,*,#162,.T.);
#190 = PLANE('',#191);
#191 = AXIS2_PLACEMENT_3D('',#192,#193,#194);
#192 = CARTESIAN_POINT('',(-1.709300165674E-16,-5.,-8.51133553645E-18));
#193 = DIRECTION('',(0.,1.,-3.418600331349E-16));
#194 = DIRECTION('',(0.,3.418600331349E-16,1.));
#195 = ADVANCED_FACE('',(#196),#215,.T.);
#196 = FACE_BOUND('',#197,.F.);
#197 = EDGE_LOOP('',(#198,#206,#213,#214));
#198 = ORIENTED_EDGE('',*,*,#199,.T.);
#199 = EDGE_CURVE('',#180,#200,#202,.T.);
#200 = VERTEX_POINT('',#201);
#201 = CARTESIAN_POINT('',(3.,-9.,8.881784197001E-16));
#202 = LINE('',#203,#204);
#203 = CARTESIAN_POINT('',(3.,-5.,0.));
#204 = VECTOR('',#205,1.);
#205 = DIRECTION('',(0.,-1.,2.22044604925E-16));
#206 = ORIENTED_EDGE('',*,*,#207,.T.);
#207 = EDGE_CURVE('',#200,#200,#208,.T.);
#208 = CIRCLE('',#209,3.);
#209 = AXIS2_PLACEMENT_3D('',#210,#211,#212);
#210 = CARTESIAN_POINT('',(0.,-9.,8.881784197001E-16));
#211 = DIRECTION('',(0.,-1.,2.22044604925E-16));
#212 = DIRECTION('',(1.,0.,0.));
#213 = ORIENTED_EDGE('',*,*,#199,.F.);
#214 = ORIENTED_EDGE('',*,*,#179,.F.);
#215 = CYLINDRICAL_SURFACE('',#216,3.);
#216 = AXIS2_PLACEMENT_3D('',#217,#218,#219);
#217 = CARTESIAN_POINT('',(0.,-5.,0.));
#218 = DIRECTION('',(0.,1.,-2.22044604925E-16));
#219 = DIRECTION('',(1.,0.,0.));
#220 = ADVANCED_FACE('',(#221),#224,.F.);
#221 = FACE_BOUND('',#222,.T.);
#222 = EDGE_LOOP('',(#223));
#223 = ORIENTED_EDGE('',*,*,#207,.T.);
#224 = PLANE('',#225);
#225 = AXIS2_PLACEMENT_3D('',#226,#227,#228);
#226 = CARTESIAN_POINT('',(-1.709300165674E-16,-9.,8.796670841637E-16));
#227 = DIRECTION('',(0.,1.,-3.418600331349E-16));
#228 = DIRECTION('',(0.,3.418600331349E-16,1.));
#229 = ( GEOMETRIC_REPRESENTATION_CONTEXT(3) 
GLOBAL_UNCERTAINTY_ASSIGNED_CONTEXT((#233)) GLOBAL_UNIT_ASSIGNED_CONTEXT
((#230,#231,#232)) REPRESENTATION_CONTEXT('Context #1',
  '3D Context with UNIT and UNCERTAINTY') );
#230 = ( LENGTH_UNIT() NAMED_UNIT(*) SI_UNIT(.MILLI.,.METRE.) );
#231 = ( NAMED_UNIT(*) PLANE_ANGLE_UNIT() SI_UNIT($,.RADIAN.) );
#232 = ( NAMED_UNIT(*) SI_UNIT($,.STERADIAN.) SOLID_ANGLE_UNIT() );
#233 = UNCERTAINTY_MEASURE_WITH_UNIT(LENGTH_MEASURE(1.E-07),#230,
  'distance_accuracy_value','confusion accuracy');
#234 = CONTEXT_DEPENDENT_SHAPE_REPRESENTATION(#235,#237);
#235 = ( REPRESENTATION_RELATIONSHIP('','',#40,#10) 
REPRESENTATION_RELATIONSHIP_WITH_TRANSFORMATION(#236) 
SHAPE_REPRESENTATION_RELATIONSHIP() );
#236 = ITEM_DEFINED_TRANSFORMATION('','',#11,#15);
#237 = PRODUCT_DEFINITION_SHAPE('Placement','Placement of an item',#238
  );
#238 = NEXT_ASSEMBLY_USAGE_OCCURRENCE('1','Motor','',#5,#35,$);
#239 = PRODUCT_RELATED_PRODUCT_CATEGORY('part',$,(#37));
#240 = SHAPE_DEFINITION_REPRESENTATION(#241,#247);
#241 = PRODUCT_DEFINITION_SHAPE('','',#242);
#242 = PRODUCT_DEFINITION('design','',#243,#246);
#243 = PRODUCT_DEFINITION_FORMATION('','',#244);
#244 = PRODUCT('Halterung','Halterung','',(#245));
#245 = PRODUCT_CONTEXT('',#2,'mechanical');
#246 = PRODUCT_DEFINITION_CONTEXT('part definition',#2,'design');
#247 = ADVANCED_BREP_SHAPE_REPRESENTATION('',(#11,#248),#1897);
#248 = MANIFOLD_SOLID_BREP('',#249);
#249 = CLOSED_SHELL('',(#250,#414,#461,#486,#511,#535,#575,#600,#625,
    #665,#689,#797,#822,#855,#880,#905,#930,#955,#980,#1084,#1126,#1140,
    #1165,#1282,#1299,#1311,#1336,#1361,#1386,#1411,#1436,#1461,#1493,
    #1517,#1542,#1574,#1606,#1623,#1640,#1657,#1682,#1707,#1732,#1757,
    #1769,#1781,#1806,#1818,#1843,#1855,#1867,#1879,#1888));
#250 = ADVANCED_FACE('',(#251,#354,#365,#376,#387,#398),#409,.F.);
#251 = FACE_BOUND('',#252,.F.);
#252 = EDGE_LOOP('',(#253,#263,#272,#280,#289,#297,#305,#313,#322,#330,
    #339,#347));
#253 = ORIENTED_EDGE('',*,*,#254,.F.);
#254 = EDGE_CURVE('',#255,#257,#259,.T.);
#255 = VERTEX_POINT('',#256);
#256 = CARTESIAN_POINT('',(4.203301,-2.,18.302513073346));
#257 = VERTEX_POINT('',#258);
#258 = CARTESIAN_POINT('',(4.203301,-2.,3.59152186781E-14));
#259 = LINE('',#260,#261);
#260 = CARTESIAN_POINT('',(4.203301,-2.,23.721188));
#261 = VECTOR('',#262,1.);
#262 = DIRECTION('',(0.,-2.22044604925E-16,-1.));
#263 = ORIENTED_EDGE('',*,*,#264,.T.);
#264 = EDGE_CURVE('',#255,#265,#267,.T.);
#265 = VERTEX_POINT('',#266);
#266 = CARTESIAN_POINT('',(7.203301,-2.,21.302513073346));
#267 = CIRCLE('',#268,3.);
#268 = AXIS2_PLACEMENT_3D('',#269,#270,#271);
#269 = CARTESIAN_POINT('',(7.203301,-2.,18.302513073346));
#270 = DIRECTION('',(-0.,1.,0.));
#271 = DIRECTION('',(0.,0.,-1.));
#272 = ORIENTED_EDGE('',*,*,#273,.T.);
#273 = EDGE_CURVE('',#265,#274,#276,.T.);
#274 = VERTEX_POINT('',#275);
#275 = CARTESIAN_POINT('',(19.024063,-2.,21.302513073346));
#276 = LINE('',#277,#278);
#277 = CARTESIAN_POINT('',(-27.5,-2.,21.302513073346));
#278 = VECTOR('',#279,1.);
#279 = DIRECTION('',(1.,0.,0.));
#280 = ORIENTED_EDGE('',*,*,#281,.F.);
#281 = EDGE_CURVE('',#282,#274,#284,.T.);
#282 = VERTEX_POINT('',#283);
#283 = CARTESIAN_POINT('',(22.024063,-2.,18.302513073346));
#284 = CIRCLE('',#285,3.);
#285 = AXIS2_PLACEMENT_3D('',#286,#287,#288);
#286 = CARTESIAN_POINT('',(19.024063,-2.,18.302513073346));
#287 = DIRECTION('',(0.,-1.,0.));
#288 = DIRECTION('',(0.,0.,-1.));
#289 = ORIENTED_EDGE('',*,*,#290,.F.);
#290 = EDGE_CURVE('',#291,#282,#293,.T.);
#291 = VERTEX_POINT('',#292);
#292 = CARTESIAN_POINT('',(22.024063,-2.,-27.69748692665));
#293 = LINE('',#294,#295);
#294 = CARTESIAN_POINT('',(22.024063,-2.,21.302513073346));
#295 = VECTOR('',#296,1.);
#296 = DIRECTION('',(0.,0.,1.));
#297 = ORIENTED_EDGE('',*,*,#298,.F.);
#298 = EDGE_CURVE('',#299,#291,#301,.T.);
#299 = VERTEX_POINT('',#300);
#300 = CARTESIAN_POINT('',(-22.0181313,-2.,-27.69748692665));
#301 = LINE('',#302,#303);
#302 = CARTESIAN_POINT('',(-27.5,-2.,-27.69748692665));
#303 = VECTOR('',#304,1.);
#304 = DIRECTION('',(1.,0.,0.));
#305 = ORIENTED_EDGE('',*,*,#306,.F.);
#306 = EDGE_CURVE('',#307,#299,#309,.T.);
#307 = VERTEX_POINT('',#308);
#308 = CARTESIAN_POINT('',(-22.0181313,-2.,18.302513073346));
#309 = LINE('',#310,#311);
#310 = CARTESIAN_POINT('',(-22.0181313,-2.,21.302513073346));
#311 = VECTOR('',#312,1.);
#312 = DIRECTION('',(0.,0.,-1.));
#313 = ORIENTED_EDGE('',*,*,#314,.F.);
#314 = EDGE_CURVE('',#315,#307,#317,.T.);
#315 = VERTEX_POINT('',#316);
#316 = CARTESIAN_POINT('',(-19.0181313,-2.,21.302513073346));
#317 = CIRCLE('',#318,3.);
#318 = AXIS2_PLACEMENT_3D('',#319,#320,#321);
#319 = CARTESIAN_POINT('',(-19.0181313,-2.,18.302513073346));
#320 = DIRECTION('',(0.,-1.,0.));
#321 = DIRECTION('',(0.,0.,1.));
#322 = ORIENTED_EDGE('',*,*,#323,.T.);
#323 = EDGE_CURVE('',#315,#324,#326,.T.);
#324 = VERTEX_POINT('',#325);
#325 = CARTESIAN_POINT('',(-7.203301,-2.,21.302513073346));
#326 = LINE('',#327,#328);
#327 = CARTESIAN_POINT('',(-27.5,-2.,21.302513073346));
#328 = VECTOR('',#329,1.);
#329 = DIRECTION('',(1.,0.,0.));
#330 = ORIENTED_EDGE('',*,*,#331,.F.);
#331 = EDGE_CURVE('',#332,#324,#334,.T.);
#332 = VERTEX_POINT('',#333);
#333 = CARTESIAN_POINT('',(-4.203301,-2.,18.302513073346));
#334 = CIRCLE('',#335,3.);
#335 = AXIS2_PLACEMENT_3D('',#336,#337,#338);
#336 = CARTESIAN_POINT('',(-7.203301,-2.,18.302513073346));
#337 = DIRECTION('',(0.,-1.,0.));
#338 = DIRECTION('',(0.,0.,-1.));
#339 = ORIENTED_EDGE('',*,*,#340,.T.);
#340 = EDGE_CURVE('',#332,#341,#343,.T.);
#341 = VERTEX_POINT('',#342);
#342 = CARTESIAN_POINT('',(-4.203301,-2.,2.573779622799E-16));
#343 = LINE('',#344,#345);
#344 = CARTESIAN_POINT('',(-4.203301,-2.,23.721188));
#345 = VECTOR('',#346,1.);
#346 = DIRECTION('',(0.,-2.22044604925E-16,-1.));
#347 = ORIENTED_EDGE('',*,*,#348,.T.);
#348 = EDGE_CURVE('',#341,#257,#349,.T.);
#349 = CIRCLE('',#350,4.203301);
#350 = AXIS2_PLACEMENT_3D('',#351,#352,#353);
#351 = CARTESIAN_POINT('',(0.,-2.,0.));
#352 = DIRECTION('',(0.,-1.,2.22044604925E-16));
#353 = DIRECTION('',(1.,0.,0.));
#354 = FACE_BOUND('',#355,.F.);
#355 = EDGE_LOOP('',(#356));
#356 = ORIENTED_EDGE('',*,*,#357,.F.);
#357 = EDGE_CURVE('',#358,#358,#360,.T.);
#358 = VERTEX_POINT('',#359);
#359 = CARTESIAN_POINT('',(9.675318,-2.,6.25));
#360 = CIRCLE('',#361,1.15);
#361 = AXIS2_PLACEMENT_3D('',#362,#363,#364);
#362 = CARTESIAN_POINT('',(10.825318,-2.,6.25));
#363 = DIRECTION('',(0.,1.,-2.22044604925E-16));
#364 = DIRECTION('',(-1.,0.,0.));
#365 = FACE_BOUND('',#366,.F.);
#366 = EDGE_LOOP('',(#367));
#367 = ORIENTED_EDGE('',*,*,#368,.F.);
#368 = EDGE_CURVE('',#369,#369,#371,.T.);
#369 = VERTEX_POINT('',#370);
#370 = CARTESIAN_POINT('',(9.675318,-2.,-6.25));
#371 = CIRCLE('',#372,1.15);
#372 = AXIS2_PLACEMENT_3D('',#373,#374,#375);
#373 = CARTESIAN_POINT('',(10.825318,-2.,-6.25));
#374 = DIRECTION('',(0.,1.,-2.22044604925E-16));
#375 = DIRECTION('',(-1.,0.,0.));
#376 = FACE_BOUND('',#377,.F.);
#377 = EDGE_LOOP('',(#378));
#378 = ORIENTED_EDGE('',*,*,#379,.F.);
#379 = EDGE_CURVE('',#380,#380,#382,.T.);
#380 = VERTEX_POINT('',#381);
#381 = CARTESIAN_POINT('',(-1.15,-2.,-12.5));
#382 = CIRCLE('',#383,1.15);
#383 = AXIS2_PLACEMENT_3D('',#384,#385,#386);
#384 = CARTESIAN_POINT('',(0.,-2.,-12.5));
#385 = DIRECTION('',(0.,1.,-2.22044604925E-16));
#386 = DIRECTION('',(-1.,0.,0.));
#387 = FACE_BOUND('',#388,.F.);
#388 = EDGE_LOOP('',(#389));
#389 = ORIENTED_EDGE('',*,*,#390,.F.);
#390 = EDGE_CURVE('',#391,#391,#393,.T.);
#391 = VERTEX_POINT('',#392);
#392 = CARTESIAN_POINT('',(-11.975318,-2.,6.25));
#393 = CIRCLE('',#394,1.15);
#394 = AXIS2_PLACEMENT_3D('',#395,#396,#397);
#395 = CARTESIAN_POINT('',(-10.825318,-2.,6.25));
#396 = DIRECTION('',(0.,1.,-2.22044604925E-16));
#397 = DIRECTION('',(-1.,0.,0.));
#398 = FACE_BOUND('',#399,.F.);
#399 = EDGE_LOOP('',(#400));
#400 = ORIENTED_EDGE('',*,*,#401,.F.);
#401 = EDGE_CURVE('',#402,#402,#404,.T.);
#402 = VERTEX_POINT('',#403);
#403 = CARTESIAN_POINT('',(-11.975318,-2.,-6.25));
#404 = CIRCLE('',#405,1.15);
#405 = AXIS2_PLACEMENT_3D('',#406,#407,#408);
#406 = CARTESIAN_POINT('',(-10.825318,-2.,-6.25));
#407 = DIRECTION('',(0.,1.,-2.22044604925E-16));
#408 = DIRECTION('',(-1.,0.,0.));
#409 = PLANE('',#410);
#410 = AXIS2_PLACEMENT_3D('',#411,#412,#413);
#411 = CARTESIAN_POINT('',(-27.5,-2.,21.302513073346));
#412 = DIRECTION('',(0.,1.,0.));
#413 = DIRECTION('',(0.,0.,-1.));
#414 = ADVANCED_FACE('',(#415),#456,.T.);
#415 = FACE_BOUND('',#416,.T.);
#416 = EDGE_LOOP('',(#417,#418,#426,#434,#442,#450));
#417 = ORIENTED_EDGE('',*,*,#254,.F.);
#418 = ORIENTED_EDGE('',*,*,#419,.F.);
#419 = EDGE_CURVE('',#420,#255,#422,.T.);
#420 = VERTEX_POINT('',#421);
#421 = CARTESIAN_POINT('',(4.203301,2.,18.302513073346));
#422 = LINE('',#423,#424);
#423 = CARTESIAN_POINT('',(4.203301,2.,18.302513073346));
#424 = VECTOR('',#425,1.);
#425 = DIRECTION('',(0.,-1.,0.));
#426 = ORIENTED_EDGE('',*,*,#427,.F.);
#427 = EDGE_CURVE('',#428,#420,#430,.T.);
#428 = VERTEX_POINT('',#429);
#429 = CARTESIAN_POINT('',(4.203301,2.,16.833144706305));
#430 = LINE('',#431,#432);
#431 = CARTESIAN_POINT('',(4.203301,2.,22.511850536673));
#432 = VECTOR('',#433,1.);
#433 = DIRECTION('',(0.,0.,1.));
#434 = ORIENTED_EDGE('',*,*,#435,.F.);
#435 = EDGE_CURVE('',#436,#428,#438,.T.);
#436 = VERTEX_POINT('',#437);
#437 = CARTESIAN_POINT('',(4.203301,3.737708965957E-15,16.833144706305)
  );
#438 = LINE('',#439,#440);
#439 = CARTESIAN_POINT('',(4.203301,2.,16.833144706305));
#440 = VECTOR('',#441,1.);
#441 = DIRECTION('',(0.,1.,-2.22044604925E-16));
#442 = ORIENTED_EDGE('',*,*,#443,.F.);
#443 = EDGE_CURVE('',#444,#436,#446,.T.);
#444 = VERTEX_POINT('',#445);
#445 = CARTESIAN_POINT('',(4.203301,0.,3.547112946825E-14));
#446 = LINE('',#447,#448);
#447 = CARTESIAN_POINT('',(4.203301,2.6645352591E-15,11.860594));
#448 = VECTOR('',#449,1.);
#449 = DIRECTION('',(0.,2.290560740745E-16,1.));
#450 = ORIENTED_EDGE('',*,*,#451,.F.);
#451 = EDGE_CURVE('',#257,#444,#452,.T.);
#452 = LINE('',#453,#454);
#453 = CARTESIAN_POINT('',(4.203301,-2.,3.59152186781E-14));
#454 = VECTOR('',#455,1.);
#455 = DIRECTION('',(0.,1.,-2.22044604925E-16));
#456 = PLANE('',#457);
#457 = AXIS2_PLACEMENT_3D('',#458,#459,#460);
#458 = CARTESIAN_POINT('',(4.203301,-2.,23.721188));
#459 = DIRECTION('',(-1.,0.,0.));
#460 = DIRECTION('',(0.,-2.22044604925E-16,-1.));
#461 = ADVANCED_FACE('',(#462),#481,.T.);
#462 = FACE_BOUND('',#463,.F.);
#463 = EDGE_LOOP('',(#464,#473,#479,#480));
#464 = ORIENTED_EDGE('',*,*,#465,.T.);
#465 = EDGE_CURVE('',#420,#466,#468,.T.);
#466 = VERTEX_POINT('',#467);
#467 = CARTESIAN_POINT('',(7.203301,2.,21.302513073346));
#468 = CIRCLE('',#469,3.);
#469 = AXIS2_PLACEMENT_3D('',#470,#471,#472);
#470 = CARTESIAN_POINT('',(7.203301,2.,18.302513073346));
#471 = DIRECTION('',(-0.,1.,0.));
#472 = DIRECTION('',(0.,0.,-1.));
#473 = ORIENTED_EDGE('',*,*,#474,.T.);
#474 = EDGE_CURVE('',#466,#265,#475,.T.);
#475 = LINE('',#476,#477);
#476 = CARTESIAN_POINT('',(7.203301,2.,21.302513073346));
#477 = VECTOR('',#478,1.);
#478 = DIRECTION('',(0.,-1.,0.));
#479 = ORIENTED_EDGE('',*,*,#264,.F.);
#480 = ORIENTED_EDGE('',*,*,#419,.F.);
#481 = CYLINDRICAL_SURFACE('',#482,3.);
#482 = AXIS2_PLACEMENT_3D('',#483,#484,#485);
#483 = CARTESIAN_POINT('',(7.203301,2.,18.302513073346));
#484 = DIRECTION('',(0.,-1.,0.));
#485 = DIRECTION('',(-1.,0.,0.));
#486 = ADVANCED_FACE('',(#487),#506,.F.);
#487 = FACE_BOUND('',#488,.F.);
#488 = EDGE_LOOP('',(#489,#490,#498,#505));
#489 = ORIENTED_EDGE('',*,*,#348,.F.);
#490 = ORIENTED_EDGE('',*,*,#491,.T.);
#491 = EDGE_CURVE('',#341,#492,#494,.T.);
#492 = VERTEX_POINT('',#493);
#493 = CARTESIAN_POINT('',(-4.203301,0.,-1.867112475701E-16));
#494 = LINE('',#495,#496);
#495 = CARTESIAN_POINT('',(-4.203301,-2.,2.573779622799E-16));
#496 = VECTOR('',#497,1.);
#497 = DIRECTION('',(0.,1.,-2.22044604925E-16));
#498 = ORIENTED_EDGE('',*,*,#499,.T.);
#499 = EDGE_CURVE('',#492,#444,#500,.T.);
#500 = CIRCLE('',#501,4.203301);
#501 = AXIS2_PLACEMENT_3D('',#502,#503,#504);
#502 = CARTESIAN_POINT('',(0.,0.,-4.440892098501E-16));
#503 = DIRECTION('',(0.,-1.,2.22044604925E-16));
#504 = DIRECTION('',(1.,0.,0.));
#505 = ORIENTED_EDGE('',*,*,#451,.F.);
#506 = CYLINDRICAL_SURFACE('',#507,4.203301);
#507 = AXIS2_PLACEMENT_3D('',#508,#509,#510);
#508 = CARTESIAN_POINT('',(0.,-2.,0.));
#509 = DIRECTION('',(0.,-1.,2.22044604925E-16));
#510 = DIRECTION('',(1.,0.,0.));
#511 = ADVANCED_FACE('',(#512),#530,.T.);
#512 = FACE_BOUND('',#513,.T.);
#513 = EDGE_LOOP('',(#514,#522,#523,#524));
#514 = ORIENTED_EDGE('',*,*,#515,.F.);
#515 = EDGE_CURVE('',#466,#516,#518,.T.);
#516 = VERTEX_POINT('',#517);
#517 = CARTESIAN_POINT('',(19.024063,2.,21.302513073346));
#518 = LINE('',#519,#520);
#519 = CARTESIAN_POINT('',(-27.5,2.,21.302513073346));
#520 = VECTOR('',#521,1.);
#521 = DIRECTION('',(1.,0.,0.));
#522 = ORIENTED_EDGE('',*,*,#474,.T.);
#523 = ORIENTED_EDGE('',*,*,#273,.T.);
#524 = ORIENTED_EDGE('',*,*,#525,.F.);
#525 = EDGE_CURVE('',#516,#274,#526,.T.);
#526 = LINE('',#527,#528);
#527 = CARTESIAN_POINT('',(19.024063,2.,21.302513073346));
#528 = VECTOR('',#529,1.);
#529 = DIRECTION('',(0.,-1.,0.));
#530 = PLANE('',#531);
#531 = AXIS2_PLACEMENT_3D('',#532,#533,#534);
#532 = CARTESIAN_POINT('',(-27.5,-2.,21.302513073346));
#533 = DIRECTION('',(0.,0.,1.));
#534 = DIRECTION('',(0.,1.,0.));
#535 = ADVANCED_FACE('',(#536),#570,.F.);
#536 = FACE_BOUND('',#537,.F.);
#537 = EDGE_LOOP('',(#538,#539,#547,#555,#563,#569));
#538 = ORIENTED_EDGE('',*,*,#340,.F.);
#539 = ORIENTED_EDGE('',*,*,#540,.F.);
#540 = EDGE_CURVE('',#541,#332,#543,.T.);
#541 = VERTEX_POINT('',#542);
#542 = CARTESIAN_POINT('',(-4.203301,2.,18.302513073346));
#543 = LINE('',#544,#545);
#544 = CARTESIAN_POINT('',(-4.203301,2.,18.302513073346));
#545 = VECTOR('',#546,1.);
#546 = DIRECTION('',(0.,-1.,0.));
#547 = ORIENTED_EDGE('',*,*,#548,.F.);
#548 = EDGE_CURVE('',#549,#541,#551,.T.);
#549 = VERTEX_POINT('',#550);
#550 = CARTESIAN_POINT('',(-4.203301,2.,16.833144706305));
#551 = LINE('',#552,#553);
#552 = CARTESIAN_POINT('',(-4.203301,2.,22.511850536673));
#553 = VECTOR('',#554,1.);
#554 = DIRECTION('',(0.,0.,1.));
#555 = ORIENTED_EDGE('',*,*,#556,.F.);
#556 = EDGE_CURVE('',#557,#549,#559,.T.);
#557 = VERTEX_POINT('',#558);
#558 = CARTESIAN_POINT('',(-4.203301,3.737708965957E-15,16.833144706305)
  );
#559 = LINE('',#560,#561);
#560 = CARTESIAN_POINT('',(-4.203301,2.,16.833144706305));
#561 = VECTOR('',#562,1.);
#562 = DIRECTION('',(0.,1.,-2.22044604925E-16));
#563 = ORIENTED_EDGE('',*,*,#564,.F.);
#564 = EDGE_CURVE('',#492,#557,#565,.T.);
#565 = LINE('',#566,#567);
#566 = CARTESIAN_POINT('',(-4.203301,2.6645352591E-15,11.860594));
#567 = VECTOR('',#568,1.);
#568 = DIRECTION('',(0.,2.290560740745E-16,1.));
#569 = ORIENTED_EDGE('',*,*,#491,.F.);
#570 = PLANE('',#571);
#571 = AXIS2_PLACEMENT_3D('',#572,#573,#574);
#572 = CARTESIAN_POINT('',(-4.203301,-2.,23.721188));
#573 = DIRECTION('',(-1.,0.,0.));
#574 = DIRECTION('',(0.,-2.22044604925E-16,-1.));
#575 = ADVANCED_FACE('',(#576),#595,.T.);
#576 = FACE_BOUND('',#577,.T.);
#577 = EDGE_LOOP('',(#578,#587,#588,#589));
#578 = ORIENTED_EDGE('',*,*,#579,.T.);
#579 = EDGE_CURVE('',#580,#516,#582,.T.);
#580 = VERTEX_POINT('',#581);
#581 = CARTESIAN_POINT('',(22.024063,2.,18.302513073346));
#582 = CIRCLE('',#583,3.);
#583 = AXIS2_PLACEMENT_3D('',#584,#585,#586);
#584 = CARTESIAN_POINT('',(19.024063,2.,18.302513073346));
#585 = DIRECTION('',(0.,-1.,0.));
#586 = DIRECTION('',(0.,0.,-1.));
#587 = ORIENTED_EDGE('',*,*,#525,.T.);
#588 = ORIENTED_EDGE('',*,*,#281,.F.);
#589 = ORIENTED_EDGE('',*,*,#590,.F.);
#590 = EDGE_CURVE('',#580,#282,#591,.T.);
#591 = LINE('',#592,#593);
#592 = CARTESIAN_POINT('',(22.024063,2.,18.302513073346));
#593 = VECTOR('',#594,1.);
#594 = DIRECTION('',(0.,-1.,0.));
#595 = CYLINDRICAL_SURFACE('',#596,3.);
#596 = AXIS2_PLACEMENT_3D('',#597,#598,#599);
#597 = CARTESIAN_POINT('',(19.024063,2.,18.302513073346));
#598 = DIRECTION('',(0.,-1.,0.));
#599 = DIRECTION('',(1.,0.,0.));
#600 = ADVANCED_FACE('',(#601),#620,.T.);
#601 = FACE_BOUND('',#602,.T.);
#602 = EDGE_LOOP('',(#603,#612,#618,#619));
#603 = ORIENTED_EDGE('',*,*,#604,.T.);
#604 = EDGE_CURVE('',#541,#605,#607,.T.);
#605 = VERTEX_POINT('',#606);
#606 = CARTESIAN_POINT('',(-7.203301,2.,21.302513073346));
#607 = CIRCLE('',#608,3.);
#608 = AXIS2_PLACEMENT_3D('',#609,#610,#611);
#609 = CARTESIAN_POINT('',(-7.203301,2.,18.302513073346));
#610 = DIRECTION('',(0.,-1.,0.));
#611 = DIRECTION('',(0.,0.,-1.));
#612 = ORIENTED_EDGE('',*,*,#613,.T.);
#613 = EDGE_CURVE('',#605,#324,#614,.T.);
#614 = LINE('',#615,#616);
#615 = CARTESIAN_POINT('',(-7.203301,2.,21.302513073346));
#616 = VECTOR('',#617,1.);
#617 = DIRECTION('',(0.,-1.,0.));
#618 = ORIENTED_EDGE('',*,*,#331,.F.);
#619 = ORIENTED_EDGE('',*,*,#540,.F.);
#620 = CYLINDRICAL_SURFACE('',#621,3.);
#621 = AXIS2_PLACEMENT_3D('',#622,#623,#624);
#622 = CARTESIAN_POINT('',(-7.203301,2.,18.302513073346));
#623 = DIRECTION('',(0.,-1.,0.));
#624 = DIRECTION('',(1.,0.,0.));
#625 = ADVANCED_FACE('',(#626),#660,.F.);
#626 = FACE_BOUND('',#627,.F.);
#627 = EDGE_LOOP('',(#628,#629,#630,#638,#646,#654));
#628 = ORIENTED_EDGE('',*,*,#290,.T.);
#629 = ORIENTED_EDGE('',*,*,#590,.F.);
#630 = ORIENTED_EDGE('',*,*,#631,.F.);
#631 = EDGE_CURVE('',#632,#580,#634,.T.);
#632 = VERTEX_POINT('',#633);
#633 = CARTESIAN_POINT('',(22.024063,2.,-23.69748692665));
#634 = LINE('',#635,#636);
#635 = CARTESIAN_POINT('',(22.024063,2.,21.302513073346));
#636 = VECTOR('',#637,1.);
#637 = DIRECTION('',(0.,0.,1.));
#638 = ORIENTED_EDGE('',*,*,#639,.F.);
#639 = EDGE_CURVE('',#640,#632,#642,.T.);
#640 = VERTEX_POINT('',#641);
#641 = CARTESIAN_POINT('',(22.024063,44.,-23.69748692665));
#642 = LINE('',#643,#644);
#643 = CARTESIAN_POINT('',(22.024063,26.8027045,-23.69748692665));
#644 = VECTOR('',#645,1.);
#645 = DIRECTION('',(0.,-1.,0.));
#646 = ORIENTED_EDGE('',*,*,#647,.F.);
#647 = EDGE_CURVE('',#648,#640,#650,.T.);
#648 = VERTEX_POINT('',#649);
#649 = CARTESIAN_POINT('',(22.024063,44.,-27.69748692665));
#650 = LINE('',#651,#652);
#651 = CARTESIAN_POINT('',(22.024063,44.,-27.69748692665));
#652 = VECTOR('',#653,1.);
#653 = DIRECTION('',(0.,0.,1.));
#654 = ORIENTED_EDGE('',*,*,#655,.T.);
#655 = EDGE_CURVE('',#648,#291,#656,.T.);
#656 = LINE('',#657,#658);
#657 = CARTESIAN_POINT('',(22.024063,24.8027045,-27.69748692665));
#658 = VECTOR('',#659,1.);
#659 = DIRECTION('',(0.,-1.,0.));
#660 = PLANE('',#661);
#661 = AXIS2_PLACEMENT_3D('',#662,#663,#664);
#662 = CARTESIAN_POINT('',(22.024063,51.605409,21.302513073346));
#663 = DIRECTION('',(-1.,0.,0.));
#664 = DIRECTION('',(0.,-1.,0.));
#665 = ADVANCED_FACE('',(#666),#684,.T.);
#666 = FACE_BOUND('',#667,.T.);
#667 = EDGE_LOOP('',(#668,#676,#682,#683));
#668 = ORIENTED_EDGE('',*,*,#669,.F.);
#669 = EDGE_CURVE('',#670,#605,#672,.T.);
#670 = VERTEX_POINT('',#671);
#671 = CARTESIAN_POINT('',(-19.0181313,2.,21.302513073346));
#672 = LINE('',#673,#674);
#673 = CARTESIAN_POINT('',(-27.5,2.,21.302513073346));
#674 = VECTOR('',#675,1.);
#675 = DIRECTION('',(1.,0.,0.));
#676 = ORIENTED_EDGE('',*,*,#677,.F.);
#677 = EDGE_CURVE('',#315,#670,#678,.T.);
#678 = LINE('',#679,#680);
#679 = CARTESIAN_POINT('',(-19.0181313,-2.,21.302513073346));
#680 = VECTOR('',#681,1.);
#681 = DIRECTION('',(0.,1.,0.));
#682 = ORIENTED_EDGE('',*,*,#323,.T.);
#683 = ORIENTED_EDGE('',*,*,#613,.F.);
#684 = PLANE('',#685);
#685 = AXIS2_PLACEMENT_3D('',#686,#687,#688);
#686 = CARTESIAN_POINT('',(-27.5,-2.,21.302513073346));
#687 = DIRECTION('',(0.,0.,1.));
#688 = DIRECTION('',(0.,1.,0.));
#689 = ADVANCED_FACE('',(#690,#726,#737,#748,#759,#770,#781),#792,.F.);
#690 = FACE_BOUND('',#691,.F.);
#691 = EDGE_LOOP('',(#692,#702,#711,#717,#718,#719));
#692 = ORIENTED_EDGE('',*,*,#693,.F.);
#693 = EDGE_CURVE('',#694,#696,#698,.T.);
#694 = VERTEX_POINT('',#695);
#695 = CARTESIAN_POINT('',(-19.0181313,47.,-27.69748692665));
#696 = VERTEX_POINT('',#697);
#697 = CARTESIAN_POINT('',(19.024063,47.,-27.69748692665));
#698 = LINE('',#699,#700);
#699 = CARTESIAN_POINT('',(-27.5,47.,-27.69748692665));
#700 = VECTOR('',#701,1.);
#701 = DIRECTION('',(1.,0.,0.));
#702 = ORIENTED_EDGE('',*,*,#703,.F.);
#703 = EDGE_CURVE('',#704,#694,#706,.T.);
#704 = VERTEX_POINT('',#705);
#705 = CARTESIAN_POINT('',(-22.0181313,44.,-27.69748692665));
#706 = CIRCLE('',#707,3.);
#707 = AXIS2_PLACEMENT_3D('',#708,#709,#710);
#708 = CARTESIAN_POINT('',(-19.0181313,44.,-27.69748692665));
#709 = DIRECTION('',(0.,0.,-1.));
#710 = DIRECTION('',(0.,1.,0.));
#711 = ORIENTED_EDGE('',*,*,#712,.F.);
#712 = EDGE_CURVE('',#299,#704,#713,.T.);
#713 = LINE('',#714,#715);
#714 = CARTESIAN_POINT('',(-22.0181313,-4.8991745,-27.69748692665));
#715 = VECTOR('',#716,1.);
#716 = DIRECTION('',(0.,1.,0.));
#717 = ORIENTED_EDGE('',*,*,#298,.T.);
#718 = ORIENTED_EDGE('',*,*,#655,.F.);
#719 = ORIENTED_EDGE('',*,*,#720,.F.);
#720 = EDGE_CURVE('',#696,#648,#721,.T.);
#721 = CIRCLE('',#722,3.);
#722 = AXIS2_PLACEMENT_3D('',#723,#724,#725);
#723 = CARTESIAN_POINT('',(19.024063,44.,-27.69748692665));
#724 = DIRECTION('',(-0.,-0.,-1.));
#725 = DIRECTION('',(0.,-1.,0.));
#726 = FACE_BOUND('',#727,.F.);
#727 = EDGE_LOOP('',(#728));
#728 = ORIENTED_EDGE('',*,*,#729,.F.);
#729 = EDGE_CURVE('',#730,#730,#732,.T.);
#730 = VERTEX_POINT('',#731);
#731 = CARTESIAN_POINT('',(14.75,9.,-27.69748692665));
#732 = CIRCLE('',#733,1.75);
#733 = AXIS2_PLACEMENT_3D('',#734,#735,#736);
#734 = CARTESIAN_POINT('',(13.,9.,-27.69748692665));
#735 = DIRECTION('',(0.,0.,1.));
#736 = DIRECTION('',(1.,0.,0.));
#737 = FACE_BOUND('',#738,.F.);
#738 = EDGE_LOOP('',(#739));
#739 = ORIENTED_EDGE('',*,*,#740,.F.);
#740 = EDGE_CURVE('',#741,#741,#743,.T.);
#741 = VERTEX_POINT('',#742);
#742 = CARTESIAN_POINT('',(14.75,40.,-27.69748692665));
#743 = CIRCLE('',#744,1.75);
#744 = AXIS2_PLACEMENT_3D('',#745,#746,#747);
#745 = CARTESIAN_POINT('',(13.,40.,-27.69748692665));
#746 = DIRECTION('',(0.,0.,1.));
#747 = DIRECTION('',(1.,0.,0.));
#748 = FACE_BOUND('',#749,.F.);
#749 = EDGE_LOOP('',(#750));
#750 = ORIENTED_EDGE('',*,*,#751,.T.);
#751 = EDGE_CURVE('',#752,#752,#754,.T.);
#752 = VERTEX_POINT('',#753);
#753 = CARTESIAN_POINT('',(2.5,10.,-27.69748692665));
#754 = CIRCLE('',#755,2.5);
#755 = AXIS2_PLACEMENT_3D('',#756,#757,#758);
#756 = CARTESIAN_POINT('',(0.,10.,-27.69748692665));
#757 = DIRECTION('',(0.,0.,-1.));
#758 = DIRECTION('',(1.,0.,0.));
#759 = FACE_BOUND('',#760,.F.);
#760 = EDGE_LOOP('',(#761));
#761 = ORIENTED_EDGE('',*,*,#762,.F.);
#762 = EDGE_CURVE('',#763,#763,#765,.T.);
#763 = VERTEX_POINT('',#764);
#764 = CARTESIAN_POINT('',(-11.25,9.,-27.69748692665));
#765 = CIRCLE('',#766,1.75);
#766 = AXIS2_PLACEMENT_3D('',#767,#768,#769);
#767 = CARTESIAN_POINT('',(-13.,9.,-27.69748692665));
#768 = DIRECTION('',(0.,0.,1.));
#769 = DIRECTION('',(1.,0.,0.));
#770 = FACE_BOUND('',#771,.F.);
#771 = EDGE_LOOP('',(#772));
#772 = ORIENTED_EDGE('',*,*,#773,.T.);
#773 = EDGE_CURVE('',#774,#774,#776,.T.);
#774 = VERTEX_POINT('',#775);
#775 = CARTESIAN_POINT('',(2.5,35.,-27.69748692665));
#776 = CIRCLE('',#777,2.5);
#777 = AXIS2_PLACEMENT_3D('',#778,#779,#780);
#778 = CARTESIAN_POINT('',(0.,35.,-27.69748692665));
#779 = DIRECTION('',(0.,0.,-1.));
#780 = DIRECTION('',(1.,0.,0.));
#781 = FACE_BOUND('',#782,.F.);
#782 = EDGE_LOOP('',(#783));
#783 = ORIENTED_EDGE('',*,*,#784,.F.);
#784 = EDGE_CURVE('',#785,#785,#787,.T.);
#785 = VERTEX_POINT('',#786);
#786 = CARTESIAN_POINT('',(-11.25,40.,-27.69748692665));
#787 = CIRCLE('',#788,1.75);
#788 = AXIS2_PLACEMENT_3D('',#789,#790,#791);
#789 = CARTESIAN_POINT('',(-13.,40.,-27.69748692665));
#790 = DIRECTION('',(0.,0.,1.));
#791 = DIRECTION('',(1.,0.,0.));
#792 = PLANE('',#793);
#793 = AXIS2_PLACEMENT_3D('',#794,#795,#796);
#794 = CARTESIAN_POINT('',(-27.5,-2.,-27.69748692665));
#795 = DIRECTION('',(0.,0.,1.));
#796 = DIRECTION('',(0.,1.,0.));
#797 = ADVANCED_FACE('',(#798),#817,.T.);
#798 = FACE_BOUND('',#799,.F.);
#799 = EDGE_LOOP('',(#800,#801,#809,#816));
#800 = ORIENTED_EDGE('',*,*,#314,.T.);
#801 = ORIENTED_EDGE('',*,*,#802,.T.);
#802 = EDGE_CURVE('',#307,#803,#805,.T.);
#803 = VERTEX_POINT('',#804);
#804 = CARTESIAN_POINT('',(-22.0181313,2.,18.302513073346));
#805 = LINE('',#806,#807);
#806 = CARTESIAN_POINT('',(-22.0181313,-2.,18.302513073346));
#807 = VECTOR('',#808,1.);
#808 = DIRECTION('',(0.,1.,0.));
#809 = ORIENTED_EDGE('',*,*,#810,.F.);
#810 = EDGE_CURVE('',#670,#803,#811,.T.);
#811 = CIRCLE('',#812,3.);
#812 = AXIS2_PLACEMENT_3D('',#813,#814,#815);
#813 = CARTESIAN_POINT('',(-19.0181313,2.,18.302513073346));
#814 = DIRECTION('',(0.,-1.,0.));
#815 = DIRECTION('',(0.,0.,1.));
#816 = ORIENTED_EDGE('',*,*,#677,.F.);
#817 = CYLINDRICAL_SURFACE('',#818,3.);
#818 = AXIS2_PLACEMENT_3D('',#819,#820,#821);
#819 = CARTESIAN_POINT('',(-19.0181313,-2.,18.302513073346));
#820 = DIRECTION('',(0.,1.,0.));
#821 = DIRECTION('',(0.,0.,1.));
#822 = ADVANCED_FACE('',(#823),#850,.F.);
#823 = FACE_BOUND('',#824,.F.);
#824 = EDGE_LOOP('',(#825,#833,#834,#835,#836,#844));
#825 = ORIENTED_EDGE('',*,*,#826,.F.);
#826 = EDGE_CURVE('',#803,#827,#829,.T.);
#827 = VERTEX_POINT('',#828);
#828 = CARTESIAN_POINT('',(-22.0181313,2.,-23.69748692665));
#829 = LINE('',#830,#831);
#830 = CARTESIAN_POINT('',(-22.0181313,2.,21.302513073346));
#831 = VECTOR('',#832,1.);
#832 = DIRECTION('',(0.,0.,-1.));
#833 = ORIENTED_EDGE('',*,*,#802,.F.);
#834 = ORIENTED_EDGE('',*,*,#306,.T.);
#835 = ORIENTED_EDGE('',*,*,#712,.T.);
#836 = ORIENTED_EDGE('',*,*,#837,.F.);
#837 = EDGE_CURVE('',#838,#704,#840,.T.);
#838 = VERTEX_POINT('',#839);
#839 = CARTESIAN_POINT('',(-22.0181313,44.,-23.69748692665));
#840 = LINE('',#841,#842);
#841 = CARTESIAN_POINT('',(-22.0181313,44.,-23.69748692665));
#842 = VECTOR('',#843,1.);
#843 = DIRECTION('',(0.,0.,-1.));
#844 = ORIENTED_EDGE('',*,*,#845,.F.);
#845 = EDGE_CURVE('',#827,#838,#846,.T.);
#846 = LINE('',#847,#848);
#847 = CARTESIAN_POINT('',(-22.0181313,-2.8991745,-23.69748692665));
#848 = VECTOR('',#849,1.);
#849 = DIRECTION('',(0.,1.,0.));
#850 = PLANE('',#851);
#851 = AXIS2_PLACEMENT_3D('',#852,#853,#854);
#852 = CARTESIAN_POINT('',(-22.0181313,-7.798349,21.302513073346));
#853 = DIRECTION('',(1.,0.,0.));
#854 = DIRECTION('',(0.,1.,0.));
#855 = ADVANCED_FACE('',(#856),#875,.F.);
#856 = FACE_BOUND('',#857,.F.);
#857 = EDGE_LOOP('',(#858,#866,#873,#874));
#858 = ORIENTED_EDGE('',*,*,#859,.F.);
#859 = EDGE_CURVE('',#860,#358,#862,.T.);
#860 = VERTEX_POINT('',#861);
#861 = CARTESIAN_POINT('',(9.675318,1.387778780781E-15,6.25));
#862 = LINE('',#863,#864);
#863 = CARTESIAN_POINT('',(9.675318,1.387778780781E-15,6.25));
#864 = VECTOR('',#865,1.);
#865 = DIRECTION('',(0.,-1.,2.22044604925E-16));
#866 = ORIENTED_EDGE('',*,*,#867,.F.);
#867 = EDGE_CURVE('',#860,#860,#868,.T.);
#868 = CIRCLE('',#869,1.15);
#869 = AXIS2_PLACEMENT_3D('',#870,#871,#872);
#870 = CARTESIAN_POINT('',(10.825318,1.387778780781E-15,6.25));
#871 = DIRECTION('',(0.,1.,-2.22044604925E-16));
#872 = DIRECTION('',(-1.,0.,0.));
#873 = ORIENTED_EDGE('',*,*,#859,.T.);
#874 = ORIENTED_EDGE('',*,*,#357,.T.);
#875 = CYLINDRICAL_SURFACE('',#876,1.15);
#876 = AXIS2_PLACEMENT_3D('',#877,#878,#879);
#877 = CARTESIAN_POINT('',(10.825318,1.387778780781E-15,6.25));
#878 = DIRECTION('',(0.,1.,-2.22044604925E-16));
#879 = DIRECTION('',(-1.,0.,0.));
#880 = ADVANCED_FACE('',(#881),#900,.F.);
#881 = FACE_BOUND('',#882,.F.);
#882 = EDGE_LOOP('',(#883,#891,#898,#899));
#883 = ORIENTED_EDGE('',*,*,#884,.F.);
#884 = EDGE_CURVE('',#885,#369,#887,.T.);
#885 = VERTEX_POINT('',#886);
#886 = CARTESIAN_POINT('',(9.675318,-1.387778780781E-15,-6.25));
#887 = LINE('',#888,#889);
#888 = CARTESIAN_POINT('',(9.675318,-1.387778780781E-15,-6.25));
#889 = VECTOR('',#890,1.);
#890 = DIRECTION('',(0.,-1.,2.22044604925E-16));
#891 = ORIENTED_EDGE('',*,*,#892,.F.);
#892 = EDGE_CURVE('',#885,#885,#893,.T.);
#893 = CIRCLE('',#894,1.15);
#894 = AXIS2_PLACEMENT_3D('',#895,#896,#897);
#895 = CARTESIAN_POINT('',(10.825318,-1.387778780781E-15,-6.25));
#896 = DIRECTION('',(0.,1.,-2.22044604925E-16));
#897 = DIRECTION('',(-1.,0.,0.));
#898 = ORIENTED_EDGE('',*,*,#884,.T.);
#899 = ORIENTED_EDGE('',*,*,#368,.T.);
#900 = CYLINDRICAL_SURFACE('',#901,1.15);
#901 = AXIS2_PLACEMENT_3D('',#902,#903,#904);
#902 = CARTESIAN_POINT('',(10.825318,-1.387778780781E-15,-6.25));
#903 = DIRECTION('',(0.,1.,-2.22044604925E-16));
#904 = DIRECTION('',(-1.,0.,0.));
#905 = ADVANCED_FACE('',(#906),#925,.F.);
#906 = FACE_BOUND('',#907,.F.);
#907 = EDGE_LOOP('',(#908,#916,#923,#924));
#908 = ORIENTED_EDGE('',*,*,#909,.F.);
#909 = EDGE_CURVE('',#910,#380,#912,.T.);
#910 = VERTEX_POINT('',#911);
#911 = CARTESIAN_POINT('',(-1.15,-2.775557561563E-15,-12.5));
#912 = LINE('',#913,#914);
#913 = CARTESIAN_POINT('',(-1.15,-2.775557561563E-15,-12.5));
#914 = VECTOR('',#915,1.);
#915 = DIRECTION('',(0.,-1.,2.22044604925E-16));
#916 = ORIENTED_EDGE('',*,*,#917,.F.);
#917 = EDGE_CURVE('',#910,#910,#918,.T.);
#918 = CIRCLE('',#919,1.15);
#919 = AXIS2_PLACEMENT_3D('',#920,#921,#922);
#920 = CARTESIAN_POINT('',(0.,-2.775557561563E-15,-12.5));
#921 = DIRECTION('',(0.,1.,-2.22044604925E-16));
#922 = DIRECTION('',(-1.,0.,0.));
#923 = ORIENTED_EDGE('',*,*,#909,.T.);
#924 = ORIENTED_EDGE('',*,*,#379,.T.);
#925 = CYLINDRICAL_SURFACE('',#926,1.15);
#926 = AXIS2_PLACEMENT_3D('',#927,#928,#929);
#927 = CARTESIAN_POINT('',(0.,-2.775557561563E-15,-12.5));
#928 = DIRECTION('',(0.,1.,-2.22044604925E-16));
#929 = DIRECTION('',(-1.,0.,0.));
#930 = ADVANCED_FACE('',(#931),#950,.F.);
#931 = FACE_BOUND('',#932,.F.);
#932 = EDGE_LOOP('',(#933,#941,#948,#949));
#933 = ORIENTED_EDGE('',*,*,#934,.F.);
#934 = EDGE_CURVE('',#935,#391,#937,.T.);
#935 = VERTEX_POINT('',#936);
#936 = CARTESIAN_POINT('',(-11.975318,1.387778780781E-15,6.25));
#937 = LINE('',#938,#939);
#938 = CARTESIAN_POINT('',(-11.975318,1.387778780781E-15,6.25));
#939 = VECTOR('',#940,1.);
#940 = DIRECTION('',(0.,-1.,2.22044604925E-16));
#941 = ORIENTED_EDGE('',*,*,#942,.F.);
#942 = EDGE_CURVE('',#935,#935,#943,.T.);
#943 = CIRCLE('',#944,1.15);
#944 = AXIS2_PLACEMENT_3D('',#945,#946,#947);
#945 = CARTESIAN_POINT('',(-10.825318,1.387778780781E-15,6.25));
#946 = DIRECTION('',(0.,1.,-2.22044604925E-16));
#947 = DIRECTION('',(-1.,0.,0.));
#948 = ORIENTED_EDGE('',*,*,#934,.T.);
#949 = ORIENTED_EDGE('',*,*,#390,.T.);
#950 = CYLINDRICAL_SURFACE('',#951,1.15);
#951 = AXIS2_PLACEMENT_3D('',#952,#953,#954);
#952 = CARTESIAN_POINT('',(-10.825318,1.387778780781E-15,6.25));
#953 = DIRECTION('',(0.,1.,-2.22044604925E-16));
#954 = DIRECTION('',(-1.,0.,0.));
#955 = ADVANCED_FACE('',(#956),#975,.F.);
#956 = FACE_BOUND('',#957,.F.);
#957 = EDGE_LOOP('',(#958,#966,#973,#974));
#958 = ORIENTED_EDGE('',*,*,#959,.F.);
#959 = EDGE_CURVE('',#960,#402,#962,.T.);
#960 = VERTEX_POINT('',#961);
#961 = CARTESIAN_POINT('',(-11.975318,-1.387778780781E-15,-6.25));
#962 = LINE('',#963,#964);
#963 = CARTESIAN_POINT('',(-11.975318,-1.387778780781E-15,-6.25));
#964 = VECTOR('',#965,1.);
#965 = DIRECTION('',(0.,-1.,2.22044604925E-16));
#966 = ORIENTED_EDGE('',*,*,#967,.F.);
#967 = EDGE_CURVE('',#960,#960,#968,.T.);
#968 = CIRCLE('',#969,1.15);
#969 = AXIS2_PLACEMENT_3D('',#970,#971,#972);
#970 = CARTESIAN_POINT('',(-10.825318,-1.387778780781E-15,-6.25));
#971 = DIRECTION('',(0.,1.,-2.22044604925E-16));
#972 = DIRECTION('',(-1.,0.,0.));
#973 = ORIENTED_EDGE('',*,*,#959,.T.);
#974 = ORIENTED_EDGE('',*,*,#401,.T.);
#975 = CYLINDRICAL_SURFACE('',#976,1.15);
#976 = AXIS2_PLACEMENT_3D('',#977,#978,#979);
#977 = CARTESIAN_POINT('',(-10.825318,-1.387778780781E-15,-6.25));
#978 = DIRECTION('',(0.,1.,-2.22044604925E-16));
#979 = DIRECTION('',(-1.,0.,0.));
#980 = ADVANCED_FACE('',(#981),#1079,.T.);
#981 = FACE_BOUND('',#982,.T.);
#982 = EDGE_LOOP('',(#983,#984,#985,#986,#987,#988,#996,#1004,#1012,
    #1020,#1028,#1036,#1044,#1052,#1058,#1059,#1060,#1061,#1062,#1063,
    #1072));
#983 = ORIENTED_EDGE('',*,*,#427,.T.);
#984 = ORIENTED_EDGE('',*,*,#465,.T.);
#985 = ORIENTED_EDGE('',*,*,#515,.T.);
#986 = ORIENTED_EDGE('',*,*,#579,.F.);
#987 = ORIENTED_EDGE('',*,*,#631,.F.);
#988 = ORIENTED_EDGE('',*,*,#989,.F.);
#989 = EDGE_CURVE('',#990,#632,#992,.T.);
#990 = VERTEX_POINT('',#991);
#991 = CARTESIAN_POINT('',(22.,2.,-23.69748692665));
#992 = LINE('',#993,#994);
#993 = CARTESIAN_POINT('',(-27.5,2.,-23.69748692665));
#994 = VECTOR('',#995,1.);
#995 = DIRECTION('',(1.,0.,0.));
#996 = ORIENTED_EDGE('',*,*,#997,.T.);
#997 = EDGE_CURVE('',#990,#998,#1000,.T.);
#998 = VERTEX_POINT('',#999);
#999 = CARTESIAN_POINT('',(22.,2.,17.302513073346));
#1000 = LINE('',#1001,#1002);
#1001 = CARTESIAN_POINT('',(22.,2.,-23.69748692665));
#1002 = VECTOR('',#1003,1.);
#1003 = DIRECTION('',(0.,0.,1.));
#1004 = ORIENTED_EDGE('',*,*,#1005,.F.);
#1005 = EDGE_CURVE('',#1006,#998,#1008,.T.);
#1006 = VERTEX_POINT('',#1007);
#1007 = CARTESIAN_POINT('',(19.,2.,17.302513073346));
#1008 = LINE('',#1009,#1010);
#1009 = CARTESIAN_POINT('',(19.,2.,17.302513073346));
#1010 = VECTOR('',#1011,1.);
#1011 = DIRECTION('',(1.,0.,0.));
#1012 = ORIENTED_EDGE('',*,*,#1013,.F.);
#1013 = EDGE_CURVE('',#1014,#1006,#1016,.T.);
#1014 = VERTEX_POINT('',#1015);
#1015 = CARTESIAN_POINT('',(19.,2.,-23.69748692665));
#1016 = LINE('',#1017,#1018);
#1017 = CARTESIAN_POINT('',(19.,2.,-23.69748692665));
#1018 = VECTOR('',#1019,1.);
#1019 = DIRECTION('',(0.,0.,1.));
#1020 = ORIENTED_EDGE('',*,*,#1021,.F.);
#1021 = EDGE_CURVE('',#1022,#1014,#1024,.T.);
#1022 = VERTEX_POINT('',#1023);
#1023 = CARTESIAN_POINT('',(-19.,2.,-23.69748692665));
#1024 = LINE('',#1025,#1026);
#1025 = CARTESIAN_POINT('',(-27.5,2.,-23.69748692665));
#1026 = VECTOR('',#1027,1.);
#1027 = DIRECTION('',(1.,0.,0.));
#1028 = ORIENTED_EDGE('',*,*,#1029,.T.);
#1029 = EDGE_CURVE('',#1022,#1030,#1032,.T.);
#1030 = VERTEX_POINT('',#1031);
#1031 = CARTESIAN_POINT('',(-19.,2.,17.302513073346));
#1032 = LINE('',#1033,#1034);
#1033 = CARTESIAN_POINT('',(-19.,2.,-23.69748692665));
#1034 = VECTOR('',#1035,1.);
#1035 = DIRECTION('',(0.,0.,1.));
#1036 = ORIENTED_EDGE('',*,*,#1037,.F.);
#1037 = EDGE_CURVE('',#1038,#1030,#1040,.T.);
#1038 = VERTEX_POINT('',#1039);
#1039 = CARTESIAN_POINT('',(-22.,2.,17.302513073346));
#1040 = LINE('',#1041,#1042);
#1041 = CARTESIAN_POINT('',(-22.,2.,17.302513073346));
#1042 = VECTOR('',#1043,1.);
#1043 = DIRECTION('',(1.,0.,0.));
#1044 = ORIENTED_EDGE('',*,*,#1045,.F.);
#1045 = EDGE_CURVE('',#1046,#1038,#1048,.T.);
#1046 = VERTEX_POINT('',#1047);
#1047 = CARTESIAN_POINT('',(-22.,2.,-23.69748692665));
#1048 = LINE('',#1049,#1050);
#1049 = CARTESIAN_POINT('',(-22.,2.,-23.69748692665));
#1050 = VECTOR('',#1051,1.);
#1051 = DIRECTION('',(0.,0.,1.));
#1052 = ORIENTED_EDGE('',*,*,#1053,.F.);
#1053 = EDGE_CURVE('',#827,#1046,#1054,.T.);
#1054 = LINE('',#1055,#1056);
#1055 = CARTESIAN_POINT('',(-27.5,2.,-23.69748692665));
#1056 = VECTOR('',#1057,1.);
#1057 = DIRECTION('',(1.,0.,0.));
#1058 = ORIENTED_EDGE('',*,*,#826,.F.);
#1059 = ORIENTED_EDGE('',*,*,#810,.F.);
#1060 = ORIENTED_EDGE('',*,*,#669,.T.);
#1061 = ORIENTED_EDGE('',*,*,#604,.F.);
#1062 = ORIENTED_EDGE('',*,*,#548,.F.);
#1063 = ORIENTED_EDGE('',*,*,#1064,.F.);
#1064 = EDGE_CURVE('',#1065,#549,#1067,.T.);
#1065 = VERTEX_POINT('',#1066);
#1066 = CARTESIAN_POINT('',(-17.35,2.,0.));
#1067 = CIRCLE('',#1068,17.35);
#1068 = AXIS2_PLACEMENT_3D('',#1069,#1070,#1071);
#1069 = CARTESIAN_POINT('',(0.,2.,0.));
#1070 = DIRECTION('',(0.,1.,-2.22044604925E-16));
#1071 = DIRECTION('',(-1.,0.,0.));
#1072 = ORIENTED_EDGE('',*,*,#1073,.F.);
#1073 = EDGE_CURVE('',#428,#1065,#1074,.T.);
#1074 = CIRCLE('',#1075,17.35);
#1075 = AXIS2_PLACEMENT_3D('',#1076,#1077,#1078);
#1076 = CARTESIAN_POINT('',(0.,2.,0.));
#1077 = DIRECTION('',(0.,1.,-2.22044604925E-16));
#1078 = DIRECTION('',(-1.,0.,0.));
#1079 = PLANE('',#1080);
#1080 = AXIS2_PLACEMENT_3D('',#1081,#1082,#1083);
#1081 = CARTESIAN_POINT('',(-27.5,2.,21.302513073346));
#1082 = DIRECTION('',(0.,1.,0.));
#1083 = DIRECTION('',(0.,0.,-1.));
#1084 = ADVANCED_FACE('',(#1085,#1106,#1109,#1112,#1115,#1118),#1121,.T.
  );
#1085 = FACE_BOUND('',#1086,.T.);
#1086 = EDGE_LOOP('',(#1087,#1096,#1103,#1104,#1105));
#1087 = ORIENTED_EDGE('',*,*,#1088,.T.);
#1088 = EDGE_CURVE('',#436,#1089,#1091,.T.);
#1089 = VERTEX_POINT('',#1090);
#1090 = CARTESIAN_POINT('',(-17.35,0.,4.440892098501E-16));
#1091 = CIRCLE('',#1092,17.35);
#1092 = AXIS2_PLACEMENT_3D('',#1093,#1094,#1095);
#1093 = CARTESIAN_POINT('',(0.,0.,4.440892098501E-16));
#1094 = DIRECTION('',(0.,1.,-2.22044604925E-16));
#1095 = DIRECTION('',(-1.,0.,0.));
#1096 = ORIENTED_EDGE('',*,*,#1097,.T.);
#1097 = EDGE_CURVE('',#1089,#557,#1098,.T.);
#1098 = CIRCLE('',#1099,17.35);
#1099 = AXIS2_PLACEMENT_3D('',#1100,#1101,#1102);
#1100 = CARTESIAN_POINT('',(0.,0.,4.440892098501E-16));
#1101 = DIRECTION('',(0.,1.,-2.22044604925E-16));
#1102 = DIRECTION('',(-1.,0.,0.));
#1103 = ORIENTED_EDGE('',*,*,#564,.F.);
#1104 = ORIENTED_EDGE('',*,*,#499,.T.);
#1105 = ORIENTED_EDGE('',*,*,#443,.T.);
#1106 = FACE_BOUND('',#1107,.T.);
#1107 = EDGE_LOOP('',(#1108));
#1108 = ORIENTED_EDGE('',*,*,#967,.F.);
#1109 = FACE_BOUND('',#1110,.T.);
#1110 = EDGE_LOOP('',(#1111));
#1111 = ORIENTED_EDGE('',*,*,#942,.F.);
#1112 = FACE_BOUND('',#1113,.T.);
#1113 = EDGE_LOOP('',(#1114));
#1114 = ORIENTED_EDGE('',*,*,#917,.F.);
#1115 = FACE_BOUND('',#1116,.T.);
#1116 = EDGE_LOOP('',(#1117));
#1117 = ORIENTED_EDGE('',*,*,#892,.F.);
#1118 = FACE_BOUND('',#1119,.T.);
#1119 = EDGE_LOOP('',(#1120));
#1120 = ORIENTED_EDGE('',*,*,#867,.F.);
#1121 = PLANE('',#1122);
#1122 = AXIS2_PLACEMENT_3D('',#1123,#1124,#1125);
#1123 = CARTESIAN_POINT('',(1.261039891679E-15,0.,9.968750360222E-16));
#1124 = DIRECTION('',(0.,1.,-2.290560740745E-16));
#1125 = DIRECTION('',(0.,2.290560740745E-16,1.));
#1126 = ADVANCED_FACE('',(#1127),#1135,.F.);
#1127 = FACE_BOUND('',#1128,.F.);
#1128 = EDGE_LOOP('',(#1129,#1130,#1131,#1132,#1133,#1134));
#1129 = ORIENTED_EDGE('',*,*,#556,.T.);
#1130 = ORIENTED_EDGE('',*,*,#1064,.F.);
#1131 = ORIENTED_EDGE('',*,*,#1073,.F.);
#1132 = ORIENTED_EDGE('',*,*,#435,.F.);
#1133 = ORIENTED_EDGE('',*,*,#1088,.T.);
#1134 = ORIENTED_EDGE('',*,*,#1097,.T.);
#1135 = CYLINDRICAL_SURFACE('',#1136,17.35);
#1136 = AXIS2_PLACEMENT_3D('',#1137,#1138,#1139);
#1137 = CARTESIAN_POINT('',(0.,2.,0.));
#1138 = DIRECTION('',(0.,1.,-2.22044604925E-16));
#1139 = DIRECTION('',(-1.,0.,0.));
#1140 = ADVANCED_FACE('',(#1141),#1160,.T.);
#1141 = FACE_BOUND('',#1142,.F.);
#1142 = EDGE_LOOP('',(#1143,#1144,#1145,#1154));
#1143 = ORIENTED_EDGE('',*,*,#720,.T.);
#1144 = ORIENTED_EDGE('',*,*,#647,.T.);
#1145 = ORIENTED_EDGE('',*,*,#1146,.F.);
#1146 = EDGE_CURVE('',#1147,#640,#1149,.T.);
#1147 = VERTEX_POINT('',#1148);
#1148 = CARTESIAN_POINT('',(19.024063,47.,-23.69748692665));
#1149 = CIRCLE('',#1150,3.);
#1150 = AXIS2_PLACEMENT_3D('',#1151,#1152,#1153);
#1151 = CARTESIAN_POINT('',(19.024063,44.,-23.69748692665));
#1152 = DIRECTION('',(-0.,-0.,-1.));
#1153 = DIRECTION('',(0.,-1.,0.));
#1154 = ORIENTED_EDGE('',*,*,#1155,.F.);
#1155 = EDGE_CURVE('',#696,#1147,#1156,.T.);
#1156 = LINE('',#1157,#1158);
#1157 = CARTESIAN_POINT('',(19.024063,47.,-27.69748692665));
#1158 = VECTOR('',#1159,1.);
#1159 = DIRECTION('',(0.,0.,1.));
#1160 = CYLINDRICAL_SURFACE('',#1161,3.);
#1161 = AXIS2_PLACEMENT_3D('',#1162,#1163,#1164);
#1162 = CARTESIAN_POINT('',(19.024063,44.,-27.69748692665));
#1163 = DIRECTION('',(0.,0.,1.));
#1164 = DIRECTION('',(0.,1.,0.));
#1165 = ADVANCED_FACE('',(#1166,#1233,#1244,#1255,#1266),#1277,.T.);
#1166 = FACE_BOUND('',#1167,.T.);
#1167 = EDGE_LOOP('',(#1168,#1176,#1183,#1184,#1185,#1193,#1201,#1207,
    #1208,#1216,#1224,#1230,#1231,#1232));
#1168 = ORIENTED_EDGE('',*,*,#1169,.F.);
#1169 = EDGE_CURVE('',#1170,#1147,#1172,.T.);
#1170 = VERTEX_POINT('',#1171);
#1171 = CARTESIAN_POINT('',(-19.0181313,47.,-23.69748692665));
#1172 = LINE('',#1173,#1174);
#1173 = CARTESIAN_POINT('',(-27.5,47.,-23.69748692665));
#1174 = VECTOR('',#1175,1.);
#1175 = DIRECTION('',(1.,0.,0.));
#1176 = ORIENTED_EDGE('',*,*,#1177,.F.);
#1177 = EDGE_CURVE('',#838,#1170,#1178,.T.);
#1178 = CIRCLE('',#1179,3.);
#1179 = AXIS2_PLACEMENT_3D('',#1180,#1181,#1182);
#1180 = CARTESIAN_POINT('',(-19.0181313,44.,-23.69748692665));
#1181 = DIRECTION('',(0.,0.,-1.));
#1182 = DIRECTION('',(0.,1.,0.));
#1183 = ORIENTED_EDGE('',*,*,#845,.F.);
#1184 = ORIENTED_EDGE('',*,*,#1053,.T.);
#1185 = ORIENTED_EDGE('',*,*,#1186,.F.);
#1186 = EDGE_CURVE('',#1187,#1046,#1189,.T.);
#1187 = VERTEX_POINT('',#1188);
#1188 = CARTESIAN_POINT('',(-22.,42.,-23.69748692665));
#1189 = LINE('',#1190,#1191);
#1190 = CARTESIAN_POINT('',(-22.,42.,-23.69748692665));
#1191 = VECTOR('',#1192,1.);
#1192 = DIRECTION('',(0.,-1.,0.));
#1193 = ORIENTED_EDGE('',*,*,#1194,.F.);
#1194 = EDGE_CURVE('',#1195,#1187,#1197,.T.);
#1195 = VERTEX_POINT('',#1196);
#1196 = CARTESIAN_POINT('',(-19.,42.,-23.69748692665));
#1197 = LINE('',#1198,#1199);
#1198 = CARTESIAN_POINT('',(-19.,42.,-23.69748692665));
#1199 = VECTOR('',#1200,1.);
#1200 = DIRECTION('',(-1.,0.,0.));
#1201 = ORIENTED_EDGE('',*,*,#1202,.F.);
#1202 = EDGE_CURVE('',#1022,#1195,#1203,.T.);
#1203 = LINE('',#1204,#1205);
#1204 = CARTESIAN_POINT('',(-19.,2.,-23.69748692665));
#1205 = VECTOR('',#1206,1.);
#1206 = DIRECTION('',(0.,1.,0.));
#1207 = ORIENTED_EDGE('',*,*,#1021,.T.);
#1208 = ORIENTED_EDGE('',*,*,#1209,.F.);
#1209 = EDGE_CURVE('',#1210,#1014,#1212,.T.);
#1210 = VERTEX_POINT('',#1211);
#1211 = CARTESIAN_POINT('',(19.,42.,-23.69748692665));
#1212 = LINE('',#1213,#1214);
#1213 = CARTESIAN_POINT('',(19.,42.,-23.69748692665));
#1214 = VECTOR('',#1215,1.);
#1215 = DIRECTION('',(0.,-1.,0.));
#1216 = ORIENTED_EDGE('',*,*,#1217,.F.);
#1217 = EDGE_CURVE('',#1218,#1210,#1220,.T.);
#1218 = VERTEX_POINT('',#1219);
#1219 = CARTESIAN_POINT('',(22.,42.,-23.69748692665));
#1220 = LINE('',#1221,#1222);
#1221 = CARTESIAN_POINT('',(22.,42.,-23.69748692665));
#1222 = VECTOR('',#1223,1.);
#1223 = DIRECTION('',(-1.,0.,0.));
#1224 = ORIENTED_EDGE('',*,*,#1225,.F.);
#1225 = EDGE_CURVE('',#990,#1218,#1226,.T.);
#1226 = LINE('',#1227,#1228);
#1227 = CARTESIAN_POINT('',(22.,2.,-23.69748692665));
#1228 = VECTOR('',#1229,1.);
#1229 = DIRECTION('',(0.,1.,0.));
#1230 = ORIENTED_EDGE('',*,*,#989,.T.);
#1231 = ORIENTED_EDGE('',*,*,#639,.F.);
#1232 = ORIENTED_EDGE('',*,*,#1146,.F.);
#1233 = FACE_BOUND('',#1234,.T.);
#1234 = EDGE_LOOP('',(#1235));
#1235 = ORIENTED_EDGE('',*,*,#1236,.F.);
#1236 = EDGE_CURVE('',#1237,#1237,#1239,.T.);
#1237 = VERTEX_POINT('',#1238);
#1238 = CARTESIAN_POINT('',(16.5,9.,-23.69748692665));
#1239 = CIRCLE('',#1240,3.5);
#1240 = AXIS2_PLACEMENT_3D('',#1241,#1242,#1243);
#1241 = CARTESIAN_POINT('',(13.,9.,-23.69748692665));
#1242 = DIRECTION('',(0.,0.,1.));
#1243 = DIRECTION('',(1.,0.,0.));
#1244 = FACE_BOUND('',#1245,.T.);
#1245 = EDGE_LOOP('',(#1246));
#1246 = ORIENTED_EDGE('',*,*,#1247,.F.);
#1247 = EDGE_CURVE('',#1248,#1248,#1250,.T.);
#1248 = VERTEX_POINT('',#1249);
#1249 = CARTESIAN_POINT('',(16.5,40.,-23.69748692665));
#1250 = CIRCLE('',#1251,3.5);
#1251 = AXIS2_PLACEMENT_3D('',#1252,#1253,#1254);
#1252 = CARTESIAN_POINT('',(13.,40.,-23.69748692665));
#1253 = DIRECTION('',(0.,0.,1.));
#1254 = DIRECTION('',(1.,0.,0.));
#1255 = FACE_BOUND('',#1256,.T.);
#1256 = EDGE_LOOP('',(#1257));
#1257 = ORIENTED_EDGE('',*,*,#1258,.F.);
#1258 = EDGE_CURVE('',#1259,#1259,#1261,.T.);
#1259 = VERTEX_POINT('',#1260);
#1260 = CARTESIAN_POINT('',(-9.5,9.,-23.69748692665));
#1261 = CIRCLE('',#1262,3.5);
#1262 = AXIS2_PLACEMENT_3D('',#1263,#1264,#1265);
#1263 = CARTESIAN_POINT('',(-13.,9.,-23.69748692665));
#1264 = DIRECTION('',(0.,0.,1.));
#1265 = DIRECTION('',(1.,0.,0.));
#1266 = FACE_BOUND('',#1267,.T.);
#1267 = EDGE_LOOP('',(#1268));
#1268 = ORIENTED_EDGE('',*,*,#1269,.F.);
#1269 = EDGE_CURVE('',#1270,#1270,#1272,.T.);
#1270 = VERTEX_POINT('',#1271);
#1271 = CARTESIAN_POINT('',(-9.5,40.,-23.69748692665));
#1272 = CIRCLE('',#1273,3.5);
#1273 = AXIS2_PLACEMENT_3D('',#1274,#1275,#1276);
#1274 = CARTESIAN_POINT('',(-13.,40.,-23.69748692665));
#1275 = DIRECTION('',(0.,0.,1.));
#1276 = DIRECTION('',(1.,0.,0.));
#1277 = PLANE('',#1278);
#1278 = AXIS2_PLACEMENT_3D('',#1279,#1280,#1281);
#1279 = CARTESIAN_POINT('',(-27.5,2.,-23.69748692665));
#1280 = DIRECTION('',(0.,0.,1.));
#1281 = DIRECTION('',(0.,1.,0.));
#1282 = ADVANCED_FACE('',(#1283),#1294,.T.);
#1283 = FACE_BOUND('',#1284,.T.);
#1284 = EDGE_LOOP('',(#1285,#1286,#1292,#1293));
#1285 = ORIENTED_EDGE('',*,*,#693,.F.);
#1286 = ORIENTED_EDGE('',*,*,#1287,.F.);
#1287 = EDGE_CURVE('',#1170,#694,#1288,.T.);
#1288 = LINE('',#1289,#1290);
#1289 = CARTESIAN_POINT('',(-19.0181313,47.,-23.69748692665));
#1290 = VECTOR('',#1291,1.);
#1291 = DIRECTION('',(0.,0.,-1.));
#1292 = ORIENTED_EDGE('',*,*,#1169,.T.);
#1293 = ORIENTED_EDGE('',*,*,#1155,.F.);
#1294 = PLANE('',#1295);
#1295 = AXIS2_PLACEMENT_3D('',#1296,#1297,#1298);
#1296 = CARTESIAN_POINT('',(-27.5,47.,-23.69748692665));
#1297 = DIRECTION('',(0.,1.,0.));
#1298 = DIRECTION('',(0.,0.,-1.));
#1299 = ADVANCED_FACE('',(#1300),#1306,.T.);
#1300 = FACE_BOUND('',#1301,.T.);
#1301 = EDGE_LOOP('',(#1302,#1303,#1304,#1305));
#1302 = ORIENTED_EDGE('',*,*,#1177,.T.);
#1303 = ORIENTED_EDGE('',*,*,#1287,.T.);
#1304 = ORIENTED_EDGE('',*,*,#703,.F.);
#1305 = ORIENTED_EDGE('',*,*,#837,.F.);
#1306 = CYLINDRICAL_SURFACE('',#1307,3.);
#1307 = AXIS2_PLACEMENT_3D('',#1308,#1309,#1310);
#1308 = CARTESIAN_POINT('',(-19.0181313,44.,-23.69748692665));
#1309 = DIRECTION('',(0.,0.,-1.));
#1310 = DIRECTION('',(-1.,-0.,-0.));
#1311 = ADVANCED_FACE('',(#1312),#1331,.F.);
#1312 = FACE_BOUND('',#1313,.F.);
#1313 = EDGE_LOOP('',(#1314,#1323,#1329,#1330));
#1314 = ORIENTED_EDGE('',*,*,#1315,.F.);
#1315 = EDGE_CURVE('',#1316,#1316,#1318,.T.);
#1316 = VERTEX_POINT('',#1317);
#1317 = CARTESIAN_POINT('',(14.75,9.,-24.19748692665));
#1318 = CIRCLE('',#1319,1.75);
#1319 = AXIS2_PLACEMENT_3D('',#1320,#1321,#1322);
#1320 = CARTESIAN_POINT('',(13.,9.,-24.19748692665));
#1321 = DIRECTION('',(0.,0.,1.));
#1322 = DIRECTION('',(1.,0.,0.));
#1323 = ORIENTED_EDGE('',*,*,#1324,.T.);
#1324 = EDGE_CURVE('',#1316,#730,#1325,.T.);
#1325 = LINE('',#1326,#1327);
#1326 = CARTESIAN_POINT('',(14.75,9.,-23.69748692665));
#1327 = VECTOR('',#1328,1.);
#1328 = DIRECTION('',(-0.,-0.,-1.));
#1329 = ORIENTED_EDGE('',*,*,#729,.T.);
#1330 = ORIENTED_EDGE('',*,*,#1324,.F.);
#1331 = CYLINDRICAL_SURFACE('',#1332,1.75);
#1332 = AXIS2_PLACEMENT_3D('',#1333,#1334,#1335);
#1333 = CARTESIAN_POINT('',(13.,9.,-23.69748692665));
#1334 = DIRECTION('',(0.,0.,1.));
#1335 = DIRECTION('',(1.,0.,0.));
#1336 = ADVANCED_FACE('',(#1337),#1356,.F.);
#1337 = FACE_BOUND('',#1338,.F.);
#1338 = EDGE_LOOP('',(#1339,#1348,#1354,#1355));
#1339 = ORIENTED_EDGE('',*,*,#1340,.F.);
#1340 = EDGE_CURVE('',#1341,#1341,#1343,.T.);
#1341 = VERTEX_POINT('',#1342);
#1342 = CARTESIAN_POINT('',(14.75,40.,-24.19748692665));
#1343 = CIRCLE('',#1344,1.75);
#1344 = AXIS2_PLACEMENT_3D('',#1345,#1346,#1347);
#1345 = CARTESIAN_POINT('',(13.,40.,-24.19748692665));
#1346 = DIRECTION('',(0.,0.,1.));
#1347 = DIRECTION('',(1.,0.,0.));
#1348 = ORIENTED_EDGE('',*,*,#1349,.T.);
#1349 = EDGE_CURVE('',#1341,#741,#1350,.T.);
#1350 = LINE('',#1351,#1352);
#1351 = CARTESIAN_POINT('',(14.75,40.,-23.69748692665));
#1352 = VECTOR('',#1353,1.);
#1353 = DIRECTION('',(-0.,-0.,-1.));
#1354 = ORIENTED_EDGE('',*,*,#740,.T.);
#1355 = ORIENTED_EDGE('',*,*,#1349,.F.);
#1356 = CYLINDRICAL_SURFACE('',#1357,1.75);
#1357 = AXIS2_PLACEMENT_3D('',#1358,#1359,#1360);
#1358 = CARTESIAN_POINT('',(13.,40.,-23.69748692665));
#1359 = DIRECTION('',(0.,0.,1.));
#1360 = DIRECTION('',(1.,0.,0.));
#1361 = ADVANCED_FACE('',(#1362),#1381,.T.);
#1362 = FACE_BOUND('',#1363,.F.);
#1363 = EDGE_LOOP('',(#1364,#1372,#1379,#1380));
#1364 = ORIENTED_EDGE('',*,*,#1365,.T.);
#1365 = EDGE_CURVE('',#752,#1366,#1368,.T.);
#1366 = VERTEX_POINT('',#1367);
#1367 = CARTESIAN_POINT('',(2.5,10.,-29.19748692665));
#1368 = LINE('',#1369,#1370);
#1369 = CARTESIAN_POINT('',(2.5,10.,-27.69748692665));
#1370 = VECTOR('',#1371,1.);
#1371 = DIRECTION('',(0.,0.,-1.));
#1372 = ORIENTED_EDGE('',*,*,#1373,.T.);
#1373 = EDGE_CURVE('',#1366,#1366,#1374,.T.);
#1374 = CIRCLE('',#1375,2.5);
#1375 = AXIS2_PLACEMENT_3D('',#1376,#1377,#1378);
#1376 = CARTESIAN_POINT('',(0.,10.,-29.19748692665));
#1377 = DIRECTION('',(0.,0.,-1.));
#1378 = DIRECTION('',(1.,0.,0.));
#1379 = ORIENTED_EDGE('',*,*,#1365,.F.);
#1380 = ORIENTED_EDGE('',*,*,#751,.F.);
#1381 = CYLINDRICAL_SURFACE('',#1382,2.5);
#1382 = AXIS2_PLACEMENT_3D('',#1383,#1384,#1385);
#1383 = CARTESIAN_POINT('',(0.,10.,-27.69748692665));
#1384 = DIRECTION('',(0.,0.,1.));
#1385 = DIRECTION('',(1.,0.,0.));
#1386 = ADVANCED_FACE('',(#1387),#1406,.F.);
#1387 = FACE_BOUND('',#1388,.F.);
#1388 = EDGE_LOOP('',(#1389,#1398,#1404,#1405));
#1389 = ORIENTED_EDGE('',*,*,#1390,.F.);
#1390 = EDGE_CURVE('',#1391,#1391,#1393,.T.);
#1391 = VERTEX_POINT('',#1392);
#1392 = CARTESIAN_POINT('',(-11.25,9.,-24.19748692665));
#1393 = CIRCLE('',#1394,1.75);
#1394 = AXIS2_PLACEMENT_3D('',#1395,#1396,#1397);
#1395 = CARTESIAN_POINT('',(-13.,9.,-24.19748692665));
#1396 = DIRECTION('',(0.,0.,1.));
#1397 = DIRECTION('',(1.,0.,0.));
#1398 = ORIENTED_EDGE('',*,*,#1399,.T.);
#1399 = EDGE_CURVE('',#1391,#763,#1400,.T.);
#1400 = LINE('',#1401,#1402);
#1401 = CARTESIAN_POINT('',(-11.25,9.,-23.69748692665));
#1402 = VECTOR('',#1403,1.);
#1403 = DIRECTION('',(-0.,-0.,-1.));
#1404 = ORIENTED_EDGE('',*,*,#762,.T.);
#1405 = ORIENTED_EDGE('',*,*,#1399,.F.);
#1406 = CYLINDRICAL_SURFACE('',#1407,1.75);
#1407 = AXIS2_PLACEMENT_3D('',#1408,#1409,#1410);
#1408 = CARTESIAN_POINT('',(-13.,9.,-23.69748692665));
#1409 = DIRECTION('',(0.,0.,1.));
#1410 = DIRECTION('',(1.,0.,0.));
#1411 = ADVANCED_FACE('',(#1412),#1431,.T.);
#1412 = FACE_BOUND('',#1413,.F.);
#1413 = EDGE_LOOP('',(#1414,#1422,#1429,#1430));
#1414 = ORIENTED_EDGE('',*,*,#1415,.T.);
#1415 = EDGE_CURVE('',#774,#1416,#1418,.T.);
#1416 = VERTEX_POINT('',#1417);
#1417 = CARTESIAN_POINT('',(2.5,35.,-29.19748692665));
#1418 = LINE('',#1419,#1420);
#1419 = CARTESIAN_POINT('',(2.5,35.,-27.69748692665));
#1420 = VECTOR('',#1421,1.);
#1421 = DIRECTION('',(0.,0.,-1.));
#1422 = ORIENTED_EDGE('',*,*,#1423,.T.);
#1423 = EDGE_CURVE('',#1416,#1416,#1424,.T.);
#1424 = CIRCLE('',#1425,2.5);
#1425 = AXIS2_PLACEMENT_3D('',#1426,#1427,#1428);
#1426 = CARTESIAN_POINT('',(0.,35.,-29.19748692665));
#1427 = DIRECTION('',(0.,0.,-1.));
#1428 = DIRECTION('',(1.,0.,0.));
#1429 = ORIENTED_EDGE('',*,*,#1415,.F.);
#1430 = ORIENTED_EDGE('',*,*,#773,.F.);
#1431 = CYLINDRICAL_SURFACE('',#1432,2.5);
#1432 = AXIS2_PLACEMENT_3D('',#1433,#1434,#1435);
#1433 = CARTESIAN_POINT('',(0.,35.,-27.69748692665));
#1434 = DIRECTION('',(0.,0.,1.));
#1435 = DIRECTION('',(1.,0.,0.));
#1436 = ADVANCED_FACE('',(#1437),#1456,.F.);
#1437 = FACE_BOUND('',#1438,.F.);
#1438 = EDGE_LOOP('',(#1439,#1448,#1454,#1455));
#1439 = ORIENTED_EDGE('',*,*,#1440,.F.);
#1440 = EDGE_CURVE('',#1441,#1441,#1443,.T.);
#1441 = VERTEX_POINT('',#1442);
#1442 = CARTESIAN_POINT('',(-11.25,40.,-24.19748692665));
#1443 = CIRCLE('',#1444,1.75);
#1444 = AXIS2_PLACEMENT_3D('',#1445,#1446,#1447);
#1445 = CARTESIAN_POINT('',(-13.,40.,-24.19748692665));
#1446 = DIRECTION('',(0.,0.,1.));
#1447 = DIRECTION('',(1.,0.,0.));
#1448 = ORIENTED_EDGE('',*,*,#1449,.T.);
#1449 = EDGE_CURVE('',#1441,#785,#1450,.T.);
#1450 = LINE('',#1451,#1452);
#1451 = CARTESIAN_POINT('',(-11.25,40.,-23.69748692665));
#1452 = VECTOR('',#1453,1.);
#1453 = DIRECTION('',(-0.,-0.,-1.));
#1454 = ORIENTED_EDGE('',*,*,#784,.T.);
#1455 = ORIENTED_EDGE('',*,*,#1449,.F.);
#1456 = CYLINDRICAL_SURFACE('',#1457,1.75);
#1457 = AXIS2_PLACEMENT_3D('',#1458,#1459,#1460);
#1458 = CARTESIAN_POINT('',(-13.,40.,-23.69748692665));
#1459 = DIRECTION('',(0.,0.,1.));
#1460 = DIRECTION('',(1.,0.,0.));
#1461 = ADVANCED_FACE('',(#1462),#1488,.F.);
#1462 = FACE_BOUND('',#1463,.F.);
#1463 = EDGE_LOOP('',(#1464,#1472,#1473,#1474,#1482));
#1464 = ORIENTED_EDGE('',*,*,#1465,.F.);
#1465 = EDGE_CURVE('',#1218,#1466,#1468,.T.);
#1466 = VERTEX_POINT('',#1467);
#1467 = CARTESIAN_POINT('',(22.,42.,-21.69748692665));
#1468 = LINE('',#1469,#1470);
#1469 = CARTESIAN_POINT('',(22.,42.,-23.69748692665));
#1470 = VECTOR('',#1471,1.);
#1471 = DIRECTION('',(0.,0.,1.));
#1472 = ORIENTED_EDGE('',*,*,#1225,.F.);
#1473 = ORIENTED_EDGE('',*,*,#997,.T.);
#1474 = ORIENTED_EDGE('',*,*,#1475,.T.);
#1475 = EDGE_CURVE('',#998,#1476,#1478,.T.);
#1476 = VERTEX_POINT('',#1477);
#1477 = CARTESIAN_POINT('',(22.,3.,17.302513073346));
#1478 = LINE('',#1479,#1480);
#1479 = CARTESIAN_POINT('',(22.,2.,17.302513073346));
#1480 = VECTOR('',#1481,1.);
#1481 = DIRECTION('',(0.,1.,0.));
#1482 = ORIENTED_EDGE('',*,*,#1483,.F.);
#1483 = EDGE_CURVE('',#1466,#1476,#1484,.T.);
#1484 = LINE('',#1485,#1486);
#1485 = CARTESIAN_POINT('',(22.,22.75,-2.447486926654));
#1486 = VECTOR('',#1487,1.);
#1487 = DIRECTION('',(0.,-0.707106781187,0.707106781187));
#1488 = PLANE('',#1489);
#1489 = AXIS2_PLACEMENT_3D('',#1490,#1491,#1492);
#1490 = CARTESIAN_POINT('',(22.,2.,-23.69748692665));
#1491 = DIRECTION('',(-1.,0.,0.));
#1492 = DIRECTION('',(0.,1.,0.));
#1493 = ADVANCED_FACE('',(#1494),#1512,.T.);
#1494 = FACE_BOUND('',#1495,.T.);
#1495 = EDGE_LOOP('',(#1496,#1504,#1505,#1506));
#1496 = ORIENTED_EDGE('',*,*,#1497,.T.);
#1497 = EDGE_CURVE('',#1498,#1006,#1500,.T.);
#1498 = VERTEX_POINT('',#1499);
#1499 = CARTESIAN_POINT('',(19.,3.,17.302513073346));
#1500 = LINE('',#1501,#1502);
#1501 = CARTESIAN_POINT('',(19.,42.,17.302513073346));
#1502 = VECTOR('',#1503,1.);
#1503 = DIRECTION('',(0.,-1.,0.));
#1504 = ORIENTED_EDGE('',*,*,#1005,.T.);
#1505 = ORIENTED_EDGE('',*,*,#1475,.T.);
#1506 = ORIENTED_EDGE('',*,*,#1507,.T.);
#1507 = EDGE_CURVE('',#1476,#1498,#1508,.T.);
#1508 = LINE('',#1509,#1510);
#1509 = CARTESIAN_POINT('',(22.,3.,17.302513073346));
#1510 = VECTOR('',#1511,1.);
#1511 = DIRECTION('',(-1.,0.,0.));
#1512 = PLANE('',#1513);
#1513 = AXIS2_PLACEMENT_3D('',#1514,#1515,#1516);
#1514 = CARTESIAN_POINT('',(20.5,22.,17.302513073346));
#1515 = DIRECTION('',(0.,0.,1.));
#1516 = DIRECTION('',(1.,0.,0.));
#1517 = ADVANCED_FACE('',(#1518),#1537,.F.);
#1518 = FACE_BOUND('',#1519,.F.);
#1519 = EDGE_LOOP('',(#1520,#1528,#1534,#1535,#1536));
#1520 = ORIENTED_EDGE('',*,*,#1521,.T.);
#1521 = EDGE_CURVE('',#1210,#1522,#1524,.T.);
#1522 = VERTEX_POINT('',#1523);
#1523 = CARTESIAN_POINT('',(19.,42.,-21.69748692665));
#1524 = LINE('',#1525,#1526);
#1525 = CARTESIAN_POINT('',(19.,42.,-23.69748692665));
#1526 = VECTOR('',#1527,1.);
#1527 = DIRECTION('',(0.,0.,1.));
#1528 = ORIENTED_EDGE('',*,*,#1529,.T.);
#1529 = EDGE_CURVE('',#1522,#1498,#1530,.T.);
#1530 = LINE('',#1531,#1532);
#1531 = CARTESIAN_POINT('',(19.,32.75,-12.44748692665));
#1532 = VECTOR('',#1533,1.);
#1533 = DIRECTION('',(0.,-0.707106781187,0.707106781187));
#1534 = ORIENTED_EDGE('',*,*,#1497,.T.);
#1535 = ORIENTED_EDGE('',*,*,#1013,.F.);
#1536 = ORIENTED_EDGE('',*,*,#1209,.F.);
#1537 = PLANE('',#1538);
#1538 = AXIS2_PLACEMENT_3D('',#1539,#1540,#1541);
#1539 = CARTESIAN_POINT('',(19.,42.,-23.69748692665));
#1540 = DIRECTION('',(1.,0.,0.));
#1541 = DIRECTION('',(0.,-1.,0.));
#1542 = ADVANCED_FACE('',(#1543),#1569,.F.);
#1543 = FACE_BOUND('',#1544,.F.);
#1544 = EDGE_LOOP('',(#1545,#1553,#1561,#1567,#1568));
#1545 = ORIENTED_EDGE('',*,*,#1546,.T.);
#1546 = EDGE_CURVE('',#1187,#1547,#1549,.T.);
#1547 = VERTEX_POINT('',#1548);
#1548 = CARTESIAN_POINT('',(-22.,42.,-21.69748692665));
#1549 = LINE('',#1550,#1551);
#1550 = CARTESIAN_POINT('',(-22.,42.,-23.69748692665));
#1551 = VECTOR('',#1552,1.);
#1552 = DIRECTION('',(0.,0.,1.));
#1553 = ORIENTED_EDGE('',*,*,#1554,.F.);
#1554 = EDGE_CURVE('',#1555,#1547,#1557,.T.);
#1555 = VERTEX_POINT('',#1556);
#1556 = CARTESIAN_POINT('',(-22.,3.,17.302513073346));
#1557 = LINE('',#1558,#1559);
#1558 = CARTESIAN_POINT('',(-22.,32.75,-12.44748692665));
#1559 = VECTOR('',#1560,1.);
#1560 = DIRECTION('',(0.,0.707106781187,-0.707106781187));
#1561 = ORIENTED_EDGE('',*,*,#1562,.T.);
#1562 = EDGE_CURVE('',#1555,#1038,#1563,.T.);
#1563 = LINE('',#1564,#1565);
#1564 = CARTESIAN_POINT('',(-22.,42.,17.302513073346));
#1565 = VECTOR('',#1566,1.);
#1566 = DIRECTION('',(0.,-1.,0.));
#1567 = ORIENTED_EDGE('',*,*,#1045,.F.);
#1568 = ORIENTED_EDGE('',*,*,#1186,.F.);
#1569 = PLANE('',#1570);
#1570 = AXIS2_PLACEMENT_3D('',#1571,#1572,#1573);
#1571 = CARTESIAN_POINT('',(-22.,42.,-23.69748692665));
#1572 = DIRECTION('',(1.,0.,0.));
#1573 = DIRECTION('',(0.,-1.,0.));
#1574 = ADVANCED_FACE('',(#1575),#1601,.F.);
#1575 = FACE_BOUND('',#1576,.F.);
#1576 = EDGE_LOOP('',(#1577,#1585,#1586,#1587,#1595));
#1577 = ORIENTED_EDGE('',*,*,#1578,.F.);
#1578 = EDGE_CURVE('',#1195,#1579,#1581,.T.);
#1579 = VERTEX_POINT('',#1580);
#1580 = CARTESIAN_POINT('',(-19.,42.,-21.69748692665));
#1581 = LINE('',#1582,#1583);
#1582 = CARTESIAN_POINT('',(-19.,42.,-23.69748692665));
#1583 = VECTOR('',#1584,1.);
#1584 = DIRECTION('',(0.,0.,1.));
#1585 = ORIENTED_EDGE('',*,*,#1202,.F.);
#1586 = ORIENTED_EDGE('',*,*,#1029,.T.);
#1587 = ORIENTED_EDGE('',*,*,#1588,.T.);
#1588 = EDGE_CURVE('',#1030,#1589,#1591,.T.);
#1589 = VERTEX_POINT('',#1590);
#1590 = CARTESIAN_POINT('',(-19.,3.,17.302513073346));
#1591 = LINE('',#1592,#1593);
#1592 = CARTESIAN_POINT('',(-19.,2.,17.302513073346));
#1593 = VECTOR('',#1594,1.);
#1594 = DIRECTION('',(0.,1.,0.));
#1595 = ORIENTED_EDGE('',*,*,#1596,.T.);
#1596 = EDGE_CURVE('',#1589,#1579,#1597,.T.);
#1597 = LINE('',#1598,#1599);
#1598 = CARTESIAN_POINT('',(-19.,22.75,-2.447486926654));
#1599 = VECTOR('',#1600,1.);
#1600 = DIRECTION('',(0.,0.707106781187,-0.707106781187));
#1601 = PLANE('',#1602);
#1602 = AXIS2_PLACEMENT_3D('',#1603,#1604,#1605);
#1603 = CARTESIAN_POINT('',(-19.,2.,-23.69748692665));
#1604 = DIRECTION('',(-1.,0.,0.));
#1605 = DIRECTION('',(0.,1.,0.));
#1606 = ADVANCED_FACE('',(#1607),#1618,.T.);
#1607 = FACE_BOUND('',#1608,.T.);
#1608 = EDGE_LOOP('',(#1609,#1610,#1611,#1612));
#1609 = ORIENTED_EDGE('',*,*,#1562,.T.);
#1610 = ORIENTED_EDGE('',*,*,#1037,.T.);
#1611 = ORIENTED_EDGE('',*,*,#1588,.T.);
#1612 = ORIENTED_EDGE('',*,*,#1613,.T.);
#1613 = EDGE_CURVE('',#1589,#1555,#1614,.T.);
#1614 = LINE('',#1615,#1616);
#1615 = CARTESIAN_POINT('',(-19.,3.,17.302513073346));
#1616 = VECTOR('',#1617,1.);
#1617 = DIRECTION('',(-1.,0.,0.));
#1618 = PLANE('',#1619);
#1619 = AXIS2_PLACEMENT_3D('',#1620,#1621,#1622);
#1620 = CARTESIAN_POINT('',(-20.5,22.,17.302513073346));
#1621 = DIRECTION('',(0.,0.,1.));
#1622 = DIRECTION('',(1.,0.,0.));
#1623 = ADVANCED_FACE('',(#1624),#1635,.F.);
#1624 = FACE_BOUND('',#1625,.F.);
#1625 = EDGE_LOOP('',(#1626,#1627,#1633,#1634));
#1626 = ORIENTED_EDGE('',*,*,#1465,.T.);
#1627 = ORIENTED_EDGE('',*,*,#1628,.T.);
#1628 = EDGE_CURVE('',#1466,#1522,#1629,.T.);
#1629 = LINE('',#1630,#1631);
#1630 = CARTESIAN_POINT('',(22.,42.,-21.69748692665));
#1631 = VECTOR('',#1632,1.);
#1632 = DIRECTION('',(-1.,0.,0.));
#1633 = ORIENTED_EDGE('',*,*,#1521,.F.);
#1634 = ORIENTED_EDGE('',*,*,#1217,.F.);
#1635 = PLANE('',#1636);
#1636 = AXIS2_PLACEMENT_3D('',#1637,#1638,#1639);
#1637 = CARTESIAN_POINT('',(22.,42.,-23.69748692665));
#1638 = DIRECTION('',(0.,-1.,0.));
#1639 = DIRECTION('',(-1.,0.,0.));
#1640 = ADVANCED_FACE('',(#1641),#1652,.F.);
#1641 = FACE_BOUND('',#1642,.F.);
#1642 = EDGE_LOOP('',(#1643,#1644,#1650,#1651));
#1643 = ORIENTED_EDGE('',*,*,#1578,.T.);
#1644 = ORIENTED_EDGE('',*,*,#1645,.T.);
#1645 = EDGE_CURVE('',#1579,#1547,#1646,.T.);
#1646 = LINE('',#1647,#1648);
#1647 = CARTESIAN_POINT('',(-19.,42.,-21.69748692665));
#1648 = VECTOR('',#1649,1.);
#1649 = DIRECTION('',(-1.,0.,0.));
#1650 = ORIENTED_EDGE('',*,*,#1546,.F.);
#1651 = ORIENTED_EDGE('',*,*,#1194,.F.);
#1652 = PLANE('',#1653);
#1653 = AXIS2_PLACEMENT_3D('',#1654,#1655,#1656);
#1654 = CARTESIAN_POINT('',(-19.,42.,-23.69748692665));
#1655 = DIRECTION('',(0.,-1.,0.));
#1656 = DIRECTION('',(-1.,0.,0.));
#1657 = ADVANCED_FACE('',(#1658),#1677,.F.);
#1658 = FACE_BOUND('',#1659,.F.);
#1659 = EDGE_LOOP('',(#1660,#1668,#1675,#1676));
#1660 = ORIENTED_EDGE('',*,*,#1661,.T.);
#1661 = EDGE_CURVE('',#1237,#1662,#1664,.T.);
#1662 = VERTEX_POINT('',#1663);
#1663 = CARTESIAN_POINT('',(16.5,9.,-24.19748692665));
#1664 = LINE('',#1665,#1666);
#1665 = CARTESIAN_POINT('',(16.5,9.,-23.69748692665));
#1666 = VECTOR('',#1667,1.);
#1667 = DIRECTION('',(-0.,-0.,-1.));
#1668 = ORIENTED_EDGE('',*,*,#1669,.T.);
#1669 = EDGE_CURVE('',#1662,#1662,#1670,.T.);
#1670 = CIRCLE('',#1671,3.5);
#1671 = AXIS2_PLACEMENT_3D('',#1672,#1673,#1674);
#1672 = CARTESIAN_POINT('',(13.,9.,-24.19748692665));
#1673 = DIRECTION('',(0.,0.,1.));
#1674 = DIRECTION('',(1.,0.,0.));
#1675 = ORIENTED_EDGE('',*,*,#1661,.F.);
#1676 = ORIENTED_EDGE('',*,*,#1236,.F.);
#1677 = CYLINDRICAL_SURFACE('',#1678,3.5);
#1678 = AXIS2_PLACEMENT_3D('',#1679,#1680,#1681);
#1679 = CARTESIAN_POINT('',(13.,9.,-23.69748692665));
#1680 = DIRECTION('',(0.,0.,1.));
#1681 = DIRECTION('',(1.,0.,0.));
#1682 = ADVANCED_FACE('',(#1683),#1702,.F.);
#1683 = FACE_BOUND('',#1684,.F.);
#1684 = EDGE_LOOP('',(#1685,#1693,#1700,#1701));
#1685 = ORIENTED_EDGE('',*,*,#1686,.T.);
#1686 = EDGE_CURVE('',#1248,#1687,#1689,.T.);
#1687 = VERTEX_POINT('',#1688);
#1688 = CARTESIAN_POINT('',(16.5,40.,-24.19748692665));
#1689 = LINE('',#1690,#1691);
#1690 = CARTESIAN_POINT('',(16.5,40.,-23.69748692665));
#1691 = VECTOR('',#1692,1.);
#1692 = DIRECTION('',(-0.,-0.,-1.));
#1693 = ORIENTED_EDGE('',*,*,#1694,.T.);
#1694 = EDGE_CURVE('',#1687,#1687,#1695,.T.);
#1695 = CIRCLE('',#1696,3.5);
#1696 = AXIS2_PLACEMENT_3D('',#1697,#1698,#1699);
#1697 = CARTESIAN_POINT('',(13.,40.,-24.19748692665));
#1698 = DIRECTION('',(0.,0.,1.));
#1699 = DIRECTION('',(1.,0.,0.));
#1700 = ORIENTED_EDGE('',*,*,#1686,.F.);
#1701 = ORIENTED_EDGE('',*,*,#1247,.F.);
#1702 = CYLINDRICAL_SURFACE('',#1703,3.5);
#1703 = AXIS2_PLACEMENT_3D('',#1704,#1705,#1706);
#1704 = CARTESIAN_POINT('',(13.,40.,-23.69748692665));
#1705 = DIRECTION('',(0.,0.,1.));
#1706 = DIRECTION('',(1.,0.,0.));
#1707 = ADVANCED_FACE('',(#1708),#1727,.F.);
#1708 = FACE_BOUND('',#1709,.F.);
#1709 = EDGE_LOOP('',(#1710,#1718,#1725,#1726));
#1710 = ORIENTED_EDGE('',*,*,#1711,.T.);
#1711 = EDGE_CURVE('',#1259,#1712,#1714,.T.);
#1712 = VERTEX_POINT('',#1713);
#1713 = CARTESIAN_POINT('',(-9.5,9.,-24.19748692665));
#1714 = LINE('',#1715,#1716);
#1715 = CARTESIAN_POINT('',(-9.5,9.,-23.69748692665));
#1716 = VECTOR('',#1717,1.);
#1717 = DIRECTION('',(-0.,-0.,-1.));
#1718 = ORIENTED_EDGE('',*,*,#1719,.T.);
#1719 = EDGE_CURVE('',#1712,#1712,#1720,.T.);
#1720 = CIRCLE('',#1721,3.5);
#1721 = AXIS2_PLACEMENT_3D('',#1722,#1723,#1724);
#1722 = CARTESIAN_POINT('',(-13.,9.,-24.19748692665));
#1723 = DIRECTION('',(0.,0.,1.));
#1724 = DIRECTION('',(1.,0.,0.));
#1725 = ORIENTED_EDGE('',*,*,#1711,.F.);
#1726 = ORIENTED_EDGE('',*,*,#1258,.F.);
#1727 = CYLINDRICAL_SURFACE('',#1728,3.5);
#1728 = AXIS2_PLACEMENT_3D('',#1729,#1730,#1731);
#1729 = CARTESIAN_POINT('',(-13.,9.,-23.69748692665));
#1730 = DIRECTION('',(0.,0.,1.));
#1731 = DIRECTION('',(1.,0.,0.));
#1732 = ADVANCED_FACE('',(#1733),#1752,.F.);
#1733 = FACE_BOUND('',#1734,.F.);
#1734 = EDGE_LOOP('',(#1735,#1743,#1750,#1751));
#1735 = ORIENTED_EDGE('',*,*,#1736,.T.);
#1736 = EDGE_CURVE('',#1270,#1737,#1739,.T.);
#1737 = VERTEX_POINT('',#1738);
#1738 = CARTESIAN_POINT('',(-9.5,40.,-24.19748692665));
#1739 = LINE('',#1740,#1741);
#1740 = CARTESIAN_POINT('',(-9.5,40.,-23.69748692665));
#1741 = VECTOR('',#1742,1.);
#1742 = DIRECTION('',(-0.,-0.,-1.));
#1743 = ORIENTED_EDGE('',*,*,#1744,.T.);
#1744 = EDGE_CURVE('',#1737,#1737,#1745,.T.);
#1745 = CIRCLE('',#1746,3.5);
#1746 = AXIS2_PLACEMENT_3D('',#1747,#1748,#1749);
#1747 = CARTESIAN_POINT('',(-13.,40.,-24.19748692665));
#1748 = DIRECTION('',(0.,0.,1.));
#1749 = DIRECTION('',(1.,0.,0.));
#1750 = ORIENTED_EDGE('',*,*,#1736,.F.);
#1751 = ORIENTED_EDGE('',*,*,#1269,.F.);
#1752 = CYLINDRICAL_SURFACE('',#1753,3.5);
#1753 = AXIS2_PLACEMENT_3D('',#1754,#1755,#1756);
#1754 = CARTESIAN_POINT('',(-13.,40.,-23.69748692665));
#1755 = DIRECTION('',(0.,0.,1.));
#1756 = DIRECTION('',(1.,0.,0.));
#1757 = ADVANCED_FACE('',(#1758,#1761),#1764,.T.);
#1758 = FACE_BOUND('',#1759,.T.);
#1759 = EDGE_LOOP('',(#1760));
#1760 = ORIENTED_EDGE('',*,*,#1669,.T.);
#1761 = FACE_BOUND('',#1762,.T.);
#1762 = EDGE_LOOP('',(#1763));
#1763 = ORIENTED_EDGE('',*,*,#1315,.F.);
#1764 = PLANE('',#1765);
#1765 = AXIS2_PLACEMENT_3D('',#1766,#1767,#1768);
#1766 = CARTESIAN_POINT('',(2.930228855442E-16,24.5,-24.19748692665));
#1767 = DIRECTION('',(0.,0.,1.));
#1768 = DIRECTION('',(1.,0.,0.));
#1769 = ADVANCED_FACE('',(#1770,#1773),#1776,.T.);
#1770 = FACE_BOUND('',#1771,.T.);
#1771 = EDGE_LOOP('',(#1772));
#1772 = ORIENTED_EDGE('',*,*,#1694,.T.);
#1773 = FACE_BOUND('',#1774,.T.);
#1774 = EDGE_LOOP('',(#1775));
#1775 = ORIENTED_EDGE('',*,*,#1340,.F.);
#1776 = PLANE('',#1777);
#1777 = AXIS2_PLACEMENT_3D('',#1778,#1779,#1780);
#1778 = CARTESIAN_POINT('',(2.930228855442E-16,24.5,-24.19748692665));
#1779 = DIRECTION('',(0.,0.,1.));
#1780 = DIRECTION('',(1.,0.,0.));
#1781 = ADVANCED_FACE('',(#1782),#1801,.T.);
#1782 = FACE_BOUND('',#1783,.T.);
#1783 = EDGE_LOOP('',(#1784,#1792,#1793,#1794));
#1784 = ORIENTED_EDGE('',*,*,#1785,.F.);
#1785 = EDGE_CURVE('',#1366,#1786,#1788,.T.);
#1786 = VERTEX_POINT('',#1787);
#1787 = CARTESIAN_POINT('',(2.3,10.,-30.19748692665));
#1788 = LINE('',#1789,#1790);
#1789 = CARTESIAN_POINT('',(2.5,10.,-29.19748692665));
#1790 = VECTOR('',#1791,1.);
#1791 = DIRECTION('',(-0.196116135138,0.,-0.980580675691));
#1792 = ORIENTED_EDGE('',*,*,#1373,.T.);
#1793 = ORIENTED_EDGE('',*,*,#1785,.T.);
#1794 = ORIENTED_EDGE('',*,*,#1795,.F.);
#1795 = EDGE_CURVE('',#1786,#1786,#1796,.T.);
#1796 = CIRCLE('',#1797,2.3);
#1797 = AXIS2_PLACEMENT_3D('',#1798,#1799,#1800);
#1798 = CARTESIAN_POINT('',(0.,10.,-30.19748692665));
#1799 = DIRECTION('',(0.,0.,-1.));
#1800 = DIRECTION('',(1.,0.,0.));
#1801 = CONICAL_SURFACE('',#1802,2.5,0.19739555985);
#1802 = AXIS2_PLACEMENT_3D('',#1803,#1804,#1805);
#1803 = CARTESIAN_POINT('',(0.,10.,-29.19748692665));
#1804 = DIRECTION('',(0.,0.,1.));
#1805 = DIRECTION('',(1.,0.,0.));
#1806 = ADVANCED_FACE('',(#1807,#1810),#1813,.T.);
#1807 = FACE_BOUND('',#1808,.T.);
#1808 = EDGE_LOOP('',(#1809));
#1809 = ORIENTED_EDGE('',*,*,#1719,.T.);
#1810 = FACE_BOUND('',#1811,.T.);
#1811 = EDGE_LOOP('',(#1812));
#1812 = ORIENTED_EDGE('',*,*,#1390,.F.);
#1813 = PLANE('',#1814);
#1814 = AXIS2_PLACEMENT_3D('',#1815,#1816,#1817);
#1815 = CARTESIAN_POINT('',(2.930228855442E-16,24.5,-24.19748692665));
#1816 = DIRECTION('',(0.,0.,1.));
#1817 = DIRECTION('',(1.,0.,0.));
#1818 = ADVANCED_FACE('',(#1819),#1838,.T.);
#1819 = FACE_BOUND('',#1820,.T.);
#1820 = EDGE_LOOP('',(#1821,#1829,#1830,#1831));
#1821 = ORIENTED_EDGE('',*,*,#1822,.F.);
#1822 = EDGE_CURVE('',#1416,#1823,#1825,.T.);
#1823 = VERTEX_POINT('',#1824);
#1824 = CARTESIAN_POINT('',(2.3,35.,-30.19748692665));
#1825 = LINE('',#1826,#1827);
#1826 = CARTESIAN_POINT('',(2.5,35.,-29.19748692665));
#1827 = VECTOR('',#1828,1.);
#1828 = DIRECTION('',(-0.196116135138,0.,-0.980580675691));
#1829 = ORIENTED_EDGE('',*,*,#1423,.T.);
#1830 = ORIENTED_EDGE('',*,*,#1822,.T.);
#1831 = ORIENTED_EDGE('',*,*,#1832,.F.);
#1832 = EDGE_CURVE('',#1823,#1823,#1833,.T.);
#1833 = CIRCLE('',#1834,2.3);
#1834 = AXIS2_PLACEMENT_3D('',#1835,#1836,#1837);
#1835 = CARTESIAN_POINT('',(0.,35.,-30.19748692665));
#1836 = DIRECTION('',(0.,0.,-1.));
#1837 = DIRECTION('',(1.,0.,0.));
#1838 = CONICAL_SURFACE('',#1839,2.5,0.19739555985);
#1839 = AXIS2_PLACEMENT_3D('',#1840,#1841,#1842);
#1840 = CARTESIAN_POINT('',(0.,35.,-29.19748692665));
#1841 = DIRECTION('',(0.,0.,1.));
#1842 = DIRECTION('',(1.,0.,0.));
#1843 = ADVANCED_FACE('',(#1844,#1847),#1850,.T.);
#1844 = FACE_BOUND('',#1845,.T.);
#1845 = EDGE_LOOP('',(#1846));
#1846 = ORIENTED_EDGE('',*,*,#1744,.T.);
#1847 = FACE_BOUND('',#1848,.T.);
#1848 = EDGE_LOOP('',(#1849));
#1849 = ORIENTED_EDGE('',*,*,#1440,.F.);
#1850 = PLANE('',#1851);
#1851 = AXIS2_PLACEMENT_3D('',#1852,#1853,#1854);
#1852 = CARTESIAN_POINT('',(2.930228855442E-16,24.5,-24.19748692665));
#1853 = DIRECTION('',(0.,0.,1.));
#1854 = DIRECTION('',(1.,0.,0.));
#1855 = ADVANCED_FACE('',(#1856),#1862,.F.);
#1856 = FACE_BOUND('',#1857,.T.);
#1857 = EDGE_LOOP('',(#1858,#1859,#1860,#1861));
#1858 = ORIENTED_EDGE('',*,*,#1483,.F.);
#1859 = ORIENTED_EDGE('',*,*,#1628,.T.);
#1860 = ORIENTED_EDGE('',*,*,#1529,.T.);
#1861 = ORIENTED_EDGE('',*,*,#1507,.F.);
#1862 = PLANE('',#1863);
#1863 = AXIS2_PLACEMENT_3D('',#1864,#1865,#1866);
#1864 = CARTESIAN_POINT('',(22.,22.5,-2.197486926654));
#1865 = DIRECTION('',(0.,-0.707106781187,-0.707106781187));
#1866 = DIRECTION('',(1.,0.,0.));
#1867 = ADVANCED_FACE('',(#1868),#1874,.F.);
#1868 = FACE_BOUND('',#1869,.F.);
#1869 = EDGE_LOOP('',(#1870,#1871,#1872,#1873));
#1870 = ORIENTED_EDGE('',*,*,#1596,.F.);
#1871 = ORIENTED_EDGE('',*,*,#1613,.T.);
#1872 = ORIENTED_EDGE('',*,*,#1554,.T.);
#1873 = ORIENTED_EDGE('',*,*,#1645,.F.);
#1874 = PLANE('',#1875);
#1875 = AXIS2_PLACEMENT_3D('',#1876,#1877,#1878);
#1876 = CARTESIAN_POINT('',(-19.,22.5,-2.197486926654));
#1877 = DIRECTION('',(0.,-0.707106781187,-0.707106781187));
#1878 = DIRECTION('',(-1.,0.,0.));
#1879 = ADVANCED_FACE('',(#1880),#1883,.F.);
#1880 = FACE_BOUND('',#1881,.F.);
#1881 = EDGE_LOOP('',(#1882));
#1882 = ORIENTED_EDGE('',*,*,#1795,.F.);
#1883 = PLANE('',#1884);
#1884 = AXIS2_PLACEMENT_3D('',#1885,#1886,#1887);
#1885 = CARTESIAN_POINT('',(-2.734880265079E-16,22.5,-30.19748692665));
#1886 = DIRECTION('',(0.,0.,1.));
#1887 = DIRECTION('',(1.,0.,0.));
#1888 = ADVANCED_FACE('',(#1889),#1892,.F.);
#1889 = FACE_BOUND('',#1890,.F.);
#1890 = EDGE_LOOP('',(#1891));
#1891 = ORIENTED_EDGE('',*,*,#1832,.F.);
#1892 = PLANE('',#1893);
#1893 = AXIS2_PLACEMENT_3D('',#1894,#1895,#1896);
#1894 = CARTESIAN_POINT('',(-2.734880265079E-16,22.5,-30.19748692665));
#1895 = DIRECTION('',(0.,0.,1.));
#1896 = DIRECTION('',(1.,0.,0.));
#1897 = ( GEOMETRIC_REPRESENTATION_CONTEXT(3) 
GLOBAL_UNCERTAINTY_ASSIGNED_CONTEXT((#1901)) 
GLOBAL_UNIT_ASSIGNED_CONTEXT((#1898,#1899,#1900)) REPRESENTATION_CONTEXT
('Context #1','3D Context with UNIT and UNCERTAINTY') );
#1898 = ( LENGTH_UNIT() NAMED_UNIT(*) SI_UNIT(.MILLI.,.METRE.) );
#1899 = ( NAMED_UNIT(*) PLANE_ANGLE_UNIT() SI_UNIT($,.RADIAN.) );
#1900 = ( NAMED_UNIT(*) SI_UNIT($,.STERADIAN.) SOLID_ANGLE_UNIT() );
#1901 = UNCERTAINTY_MEASURE_WITH_UNIT(LENGTH_MEASURE(5.E-06),#1898,
  'distance_accuracy_value','confusion accuracy');
#1902 = CONTEXT_DEPENDENT_SHAPE_REPRESENTATION(#1903,#1905);
#1903 = ( REPRESENTATION_RELATIONSHIP('','',#247,#10) 
REPRESENTATION_RELATIONSHIP_WITH_TRANSFORMATION(#1904) 
SHAPE_REPRESENTATION_RELATIONSHIP() );
#1904 = ITEM_DEFINED_TRANSFORMATION('','',#11,#19);
#1905 = PRODUCT_DEFINITION_SHAPE('Placement','Placement of an item',
  #1906);
#1906 = NEXT_ASSEMBLY_USAGE_OCCURRENCE('2','Halterung','',#5,#242,$);
#1907 = PRODUCT_RELATED_PRODUCT_CATEGORY('part',$,(#244));
#1908 = SHAPE_DEFINITION_REPRESENTATION(#1909,#1915);
#1909 = PRODUCT_DEFINITION_SHAPE('','',#1910);
#1910 = PRODUCT_DEFINITION('design','',#1911,#1914);
#1911 = PRODUCT_DEFINITION_FORMATION('','',#1912);
#1912 = PRODUCT('Lochscheibe','Lochscheibe','',(#1913));
#1913 = PRODUCT_CONTEXT('',#2,'mechanical');
#1914 = PRODUCT_DEFINITION_CONTEXT('part definition',#2,'design');
#1915 = ADVANCED_BREP_SHAPE_REPRESENTATION('',(#11,#1916),#2775);
#1916 = MANIFOLD_SOLID_BREP('',#1917);
#1917 = CLOSED_SHELL('',(#1918,#1951,#2159,#2356,#2378,#2395,#2412,#2424
    ,#2441,#2458,#2480,#2497,#2514,#2526,#2548,#2565,#2582,#2594,#2611,
    #2636,#2653,#2675,#2692,#2709,#2721,#2741,#2766));
#1918 = ADVANCED_FACE('',(#1919),#1946,.T.);
#1919 = FACE_BOUND('',#1920,.F.);
#1920 = EDGE_LOOP('',(#1921,#1931,#1938,#1939));
#1921 = ORIENTED_EDGE('',*,*,#1922,.T.);
#1922 = EDGE_CURVE('',#1923,#1925,#1927,.T.);
#1923 = VERTEX_POINT('',#1924);
#1924 = CARTESIAN_POINT('',(23.5,-9.,2.597478585374E-15));
#1925 = VERTEX_POINT('',#1926);
#1926 = CARTESIAN_POINT('',(23.5,-10.5,2.930545492762E-15));
#1927 = LINE('',#1928,#1929);
#1928 = CARTESIAN_POINT('',(23.5,-9.,2.597478585374E-15));
#1929 = VECTOR('',#1930,1.);
#1930 = DIRECTION('',(0.,-1.,2.22044604925E-16));
#1931 = ORIENTED_EDGE('',*,*,#1932,.T.);
#1932 = EDGE_CURVE('',#1925,#1925,#1933,.T.);
#1933 = CIRCLE('',#1934,23.5);
#1934 = AXIS2_PLACEMENT_3D('',#1935,#1936,#1937);
#1935 = CARTESIAN_POINT('',(0.,-10.5,2.930545492762E-15));
#1936 = DIRECTION('',(0.,-1.,2.22044604925E-16));
#1937 = DIRECTION('',(1.,0.,0.));
#1938 = ORIENTED_EDGE('',*,*,#1922,.F.);
#1939 = ORIENTED_EDGE('',*,*,#1940,.F.);
#1940 = EDGE_CURVE('',#1923,#1923,#1941,.T.);
#1941 = CIRCLE('',#1942,23.5);
#1942 = AXIS2_PLACEMENT_3D('',#1943,#1944,#1945);
#1943 = CARTESIAN_POINT('',(0.,-9.,2.597478585374E-15));
#1944 = DIRECTION('',(0.,-1.,2.22044604925E-16));
#1945 = DIRECTION('',(1.,0.,0.));
#1946 = CYLINDRICAL_SURFACE('',#1947,23.5);
#1947 = AXIS2_PLACEMENT_3D('',#1948,#1949,#1950);
#1948 = CARTESIAN_POINT('',(0.,-9.,2.597478585374E-15));
#1949 = DIRECTION('',(0.,1.,-2.22044604925E-16));
#1950 = DIRECTION('',(1.,0.,0.));
#1951 = ADVANCED_FACE('',(#1952,#1955,#1991,#2002,#2013,#2049,#2085,
    #2096,#2107,#2118),#2154,.T.);
#1952 = FACE_BOUND('',#1953,.T.);
#1953 = EDGE_LOOP('',(#1954));
#1954 = ORIENTED_EDGE('',*,*,#1940,.F.);
#1955 = FACE_BOUND('',#1956,.T.);
#1956 = EDGE_LOOP('',(#1957,#1968,#1976,#1985));
#1957 = ORIENTED_EDGE('',*,*,#1958,.F.);
#1958 = EDGE_CURVE('',#1959,#1961,#1963,.T.);
#1959 = VERTEX_POINT('',#1960);
#1960 = CARTESIAN_POINT('',(-16.5,-9.,4.277805278854E-15));
#1961 = VERTEX_POINT('',#1962);
#1962 = CARTESIAN_POINT('',(-11.66725617037,-9.,-11.66726760877));
#1963 = CIRCLE('',#1964,16.5);
#1964 = AXIS2_PLACEMENT_3D('',#1965,#1966,#1967);
#1965 = CARTESIAN_POINT('',(0.,-9.,2.257138060261E-15));
#1966 = DIRECTION('',(0.,-1.,2.22044604925E-16));
#1967 = DIRECTION('',(1.,0.,0.));
#1968 = ORIENTED_EDGE('',*,*,#1969,.F.);
#1969 = EDGE_CURVE('',#1970,#1959,#1972,.T.);
#1970 = VERTEX_POINT('',#1971);
#1971 = CARTESIAN_POINT('',(-22.,-9.,4.951361018385E-15));
#1972 = LINE('',#1973,#1974);
#1973 = CARTESIAN_POINT('',(-8.25,-9.,3.267471669557E-15));
#1974 = VECTOR('',#1975,1.);
#1975 = DIRECTION('',(1.,-3.206740560013E-32,-1.224646799147E-16));
#1976 = ORIENTED_EDGE('',*,*,#1977,.T.);
#1977 = EDGE_CURVE('',#1970,#1978,#1980,.T.);
#1978 = VERTEX_POINT('',#1979);
#1979 = CARTESIAN_POINT('',(-15.55634156049,-9.,-15.5563568117));
#1980 = CIRCLE('',#1981,22.);
#1981 = AXIS2_PLACEMENT_3D('',#1982,#1983,#1984);
#1982 = CARTESIAN_POINT('',(0.,-9.,2.257138060261E-15));
#1983 = DIRECTION('',(0.,-1.,2.22044604925E-16));
#1984 = DIRECTION('',(1.,0.,0.));
#1985 = ORIENTED_EDGE('',*,*,#1986,.T.);
#1986 = EDGE_CURVE('',#1978,#1961,#1987,.T.);
#1987 = LINE('',#1988,#1989);
#1988 = CARTESIAN_POINT('',(-5.833628085187,-9.,-5.83363380439));
#1989 = VECTOR('',#1990,1.);
#1990 = DIRECTION('',(0.707106434568,1.851561698103E-16,0.707107127805)
  );
#1991 = FACE_BOUND('',#1992,.T.);
#1992 = EDGE_LOOP('',(#1993));
#1993 = ORIENTED_EDGE('',*,*,#1994,.T.);
#1994 = EDGE_CURVE('',#1995,#1995,#1997,.T.);
#1995 = VERTEX_POINT('',#1996);
#1996 = CARTESIAN_POINT('',(-2.936106,-9.,-11.25605399581));
#1997 = CIRCLE('',#1998,2.5);
#1998 = AXIS2_PLACEMENT_3D('',#1999,#2000,#2001);
#1999 = CARTESIAN_POINT('',(-5.436106,-9.,-11.25605399581));
#2000 = DIRECTION('',(0.,-1.,2.22044604925E-16));
#2001 = DIRECTION('',(1.,0.,0.));
#2002 = FACE_BOUND('',#2003,.T.);
#2003 = EDGE_LOOP('',(#2004));
#2004 = ORIENTED_EDGE('',*,*,#2005,.T.);
#2005 = EDGE_CURVE('',#2006,#2006,#2008,.T.);
#2006 = VERTEX_POINT('',#2007);
#2007 = CARTESIAN_POINT('',(-8.756053995818,-9.,5.436106));
#2008 = CIRCLE('',#2009,2.5);
#2009 = AXIS2_PLACEMENT_3D('',#2010,#2011,#2012);
#2010 = CARTESIAN_POINT('',(-11.25605399581,-9.,5.436106));
#2011 = DIRECTION('',(0.,-1.,2.22044604925E-16));
#2012 = DIRECTION('',(1.,0.,0.));
#2013 = FACE_BOUND('',#2014,.T.);
#2014 = EDGE_LOOP('',(#2015,#2025,#2034,#2042));
#2015 = ORIENTED_EDGE('',*,*,#2016,.F.);
#2016 = EDGE_CURVE('',#2017,#2019,#2021,.T.);
#2017 = VERTEX_POINT('',#2018);
#2018 = CARTESIAN_POINT('',(1.347111479062E-15,-9.,22.));
#2019 = VERTEX_POINT('',#2020);
#2020 = CARTESIAN_POINT('',(1.010333609297E-15,-9.,16.5));
#2021 = LINE('',#2022,#2023);
#2022 = CARTESIAN_POINT('',(5.051668046483E-16,-9.,8.25));
#2023 = VECTOR('',#2024,1.);
#2024 = DIRECTION('',(-6.123233995737E-17,-2.618502381458E-16,-1.));
#2025 = ORIENTED_EDGE('',*,*,#2026,.T.);
#2026 = EDGE_CURVE('',#2017,#2027,#2029,.T.);
#2027 = VERTEX_POINT('',#2028);
#2028 = CARTESIAN_POINT('',(-15.55634156049,-9.,15.556356811705));
#2029 = CIRCLE('',#2030,22.);
#2030 = AXIS2_PLACEMENT_3D('',#2031,#2032,#2033);
#2031 = CARTESIAN_POINT('',(0.,-9.,2.257138060261E-15));
#2032 = DIRECTION('',(0.,-1.,2.22044604925E-16));
#2033 = DIRECTION('',(1.,0.,0.));
#2034 = ORIENTED_EDGE('',*,*,#2035,.T.);
#2035 = EDGE_CURVE('',#2027,#2036,#2038,.T.);
#2036 = VERTEX_POINT('',#2037);
#2037 = CARTESIAN_POINT('',(-11.66725617037,-9.,11.667267608779));
#2038 = LINE('',#2039,#2040);
#2039 = CARTESIAN_POINT('',(-5.833628085187,-9.,5.83363380439));
#2040 = VECTOR('',#2041,1.);
#2041 = DIRECTION('',(0.707106434568,-1.851561698103E-16,-0.707107127805
    ));
#2042 = ORIENTED_EDGE('',*,*,#2043,.F.);
#2043 = EDGE_CURVE('',#2019,#2036,#2044,.T.);
#2044 = CIRCLE('',#2045,16.5);
#2045 = AXIS2_PLACEMENT_3D('',#2046,#2047,#2048);
#2046 = CARTESIAN_POINT('',(0.,-9.,2.257138060261E-15));
#2047 = DIRECTION('',(0.,-1.,2.22044604925E-16));
#2048 = DIRECTION('',(1.,0.,0.));
#2049 = FACE_BOUND('',#2050,.T.);
#2050 = EDGE_LOOP('',(#2051,#2062,#2070,#2079));
#2051 = ORIENTED_EDGE('',*,*,#2052,.F.);
#2052 = EDGE_CURVE('',#2053,#2055,#2057,.T.);
#2053 = VERTEX_POINT('',#2054);
#2054 = CARTESIAN_POINT('',(-3.03100082789E-15,-9.,-16.5));
#2055 = VERTEX_POINT('',#2056);
#2056 = CARTESIAN_POINT('',(11.667263795979,-9.,-11.66725998317));
#2057 = CIRCLE('',#2058,16.5);
#2058 = AXIS2_PLACEMENT_3D('',#2059,#2060,#2061);
#2059 = CARTESIAN_POINT('',(0.,-9.,2.257138060261E-15));
#2060 = DIRECTION('',(0.,-1.,2.22044604925E-16));
#2061 = DIRECTION('',(1.,0.,0.));
#2062 = ORIENTED_EDGE('',*,*,#2063,.F.);
#2063 = EDGE_CURVE('',#2064,#2053,#2066,.T.);
#2064 = VERTEX_POINT('',#2065);
#2065 = CARTESIAN_POINT('',(-4.041334437186E-15,-9.,-22.));
#2066 = LINE('',#2067,#2068);
#2067 = CARTESIAN_POINT('',(-1.515500413945E-15,-9.,-8.25));
#2068 = VECTOR('',#2069,1.);
#2069 = DIRECTION('',(1.836970198721E-16,2.618502381458E-16,1.));
#2070 = ORIENTED_EDGE('',*,*,#2071,.T.);
#2071 = EDGE_CURVE('',#2064,#2072,#2074,.T.);
#2072 = VERTEX_POINT('',#2073);
#2073 = CARTESIAN_POINT('',(15.556351727972,-9.,-15.55634664423));
#2074 = CIRCLE('',#2075,22.);
#2075 = AXIS2_PLACEMENT_3D('',#2076,#2077,#2078);
#2076 = CARTESIAN_POINT('',(0.,-9.,2.257138060261E-15));
#2077 = DIRECTION('',(0.,-1.,2.22044604925E-16));
#2078 = DIRECTION('',(1.,0.,0.));
#2079 = ORIENTED_EDGE('',*,*,#2080,.T.);
#2080 = EDGE_CURVE('',#2072,#2055,#2081,.T.);
#2081 = LINE('',#2082,#2083);
#2082 = CARTESIAN_POINT('',(5.833631897989,-9.,-5.833629991589));
#2083 = VECTOR('',#2084,1.);
#2084 = DIRECTION('',(-0.707106896726,1.851560487942E-16,0.707106665647)
  );
#2085 = FACE_BOUND('',#2086,.T.);
#2086 = EDGE_LOOP('',(#2087));
#2087 = ORIENTED_EDGE('',*,*,#2088,.T.);
#2088 = EDGE_CURVE('',#2089,#2089,#2091,.T.);
#2089 = VERTEX_POINT('',#2090);
#2090 = CARTESIAN_POINT('',(13.756053995818,-9.,-5.436106));
#2091 = CIRCLE('',#2092,2.5);
#2092 = AXIS2_PLACEMENT_3D('',#2093,#2094,#2095);
#2093 = CARTESIAN_POINT('',(11.256053995818,-9.,-5.436106));
#2094 = DIRECTION('',(0.,-1.,2.22044604925E-16));
#2095 = DIRECTION('',(1.,0.,0.));
#2096 = FACE_BOUND('',#2097,.T.);
#2097 = EDGE_LOOP('',(#2098));
#2098 = ORIENTED_EDGE('',*,*,#2099,.F.);
#2099 = EDGE_CURVE('',#2100,#2100,#2102,.T.);
#2100 = VERTEX_POINT('',#2101);
#2101 = CARTESIAN_POINT('',(-5.,-9.,2.197429610429E-15));
#2102 = CIRCLE('',#2103,5.);
#2103 = AXIS2_PLACEMENT_3D('',#2104,#2105,#2106);
#2104 = CARTESIAN_POINT('',(0.,-9.,2.197429610429E-15));
#2105 = DIRECTION('',(0.,1.,-2.22044604925E-16));
#2106 = DIRECTION('',(-1.,0.,0.));
#2107 = FACE_BOUND('',#2108,.T.);
#2108 = EDGE_LOOP('',(#2109));
#2109 = ORIENTED_EDGE('',*,*,#2110,.T.);
#2110 = EDGE_CURVE('',#2111,#2111,#2113,.T.);
#2111 = VERTEX_POINT('',#2112);
#2112 = CARTESIAN_POINT('',(7.936105735865,-9.,11.256054123382));
#2113 = CIRCLE('',#2114,2.5);
#2114 = AXIS2_PLACEMENT_3D('',#2115,#2116,#2117);
#2115 = CARTESIAN_POINT('',(5.436105735865,-9.,11.256054123382));
#2116 = DIRECTION('',(0.,-1.,2.22044604925E-16));
#2117 = DIRECTION('',(1.,0.,0.));
#2118 = FACE_BOUND('',#2119,.T.);
#2119 = EDGE_LOOP('',(#2120,#2131,#2139,#2148));
#2120 = ORIENTED_EDGE('',*,*,#2121,.F.);
#2121 = EDGE_CURVE('',#2122,#2124,#2126,.T.);
#2122 = VERTEX_POINT('',#2123);
#2123 = CARTESIAN_POINT('',(16.5,-9.,2.257138060261E-15));
#2124 = VERTEX_POINT('',#2125);
#2125 = CARTESIAN_POINT('',(11.667263795979,-9.,11.667259983177));
#2126 = CIRCLE('',#2127,16.5);
#2127 = AXIS2_PLACEMENT_3D('',#2128,#2129,#2130);
#2128 = CARTESIAN_POINT('',(0.,-9.,2.257138060261E-15));
#2129 = DIRECTION('',(0.,-1.,2.22044604925E-16));
#2130 = DIRECTION('',(1.,0.,0.));
#2131 = ORIENTED_EDGE('',*,*,#2132,.F.);
#2132 = EDGE_CURVE('',#2133,#2122,#2135,.T.);
#2133 = VERTEX_POINT('',#2134);
#2134 = CARTESIAN_POINT('',(22.,-9.,2.257138060261E-15));
#2135 = LINE('',#2136,#2137);
#2136 = CARTESIAN_POINT('',(8.25,-9.,2.257138060261E-15));
#2137 = VECTOR('',#2138,1.);
#2138 = DIRECTION('',(-1.,0.,0.));
#2139 = ORIENTED_EDGE('',*,*,#2140,.T.);
#2140 = EDGE_CURVE('',#2133,#2141,#2143,.T.);
#2141 = VERTEX_POINT('',#2142);
#2142 = CARTESIAN_POINT('',(15.556351727972,-9.,15.556346644236));
#2143 = CIRCLE('',#2144,22.);
#2144 = AXIS2_PLACEMENT_3D('',#2145,#2146,#2147);
#2145 = CARTESIAN_POINT('',(0.,-9.,2.257138060261E-15));
#2146 = DIRECTION('',(0.,-1.,2.22044604925E-16));
#2147 = DIRECTION('',(1.,0.,0.));
#2148 = ORIENTED_EDGE('',*,*,#2149,.T.);
#2149 = EDGE_CURVE('',#2141,#2124,#2150,.T.);
#2150 = LINE('',#2151,#2152);
#2151 = CARTESIAN_POINT('',(5.833631897989,-9.,5.833629991589));
#2152 = VECTOR('',#2153,1.);
#2153 = DIRECTION('',(-0.707106896726,-1.851560487942E-16,
    -0.707106665647));
#2154 = PLANE('',#2155);
#2155 = AXIS2_PLACEMENT_3D('',#2156,#2157,#2158);
#2156 = CARTESIAN_POINT('',(-9.31023068963E-16,-9.,4.128721783045E-15));
#2157 = DIRECTION('',(0.,1.,-2.618502381458E-16));
#2158 = DIRECTION('',(0.,2.618502381458E-16,1.));
#2159 = ADVANCED_FACE('',(#2160,#2163,#2199,#2210,#2221,#2257,#2293,
    #2304,#2315),#2351,.F.);
#2160 = FACE_BOUND('',#2161,.F.);
#2161 = EDGE_LOOP('',(#2162));
#2162 = ORIENTED_EDGE('',*,*,#1932,.F.);
#2163 = FACE_BOUND('',#2164,.F.);
#2164 = EDGE_LOOP('',(#2165,#2176,#2184,#2193));
#2165 = ORIENTED_EDGE('',*,*,#2166,.F.);
#2166 = EDGE_CURVE('',#2167,#2169,#2171,.T.);
#2167 = VERTEX_POINT('',#2168);
#2168 = CARTESIAN_POINT('',(-16.5,-10.5,4.610872186241E-15));
#2169 = VERTEX_POINT('',#2170);
#2170 = CARTESIAN_POINT('',(-11.66725617037,-10.5,-11.66726760877));
#2171 = CIRCLE('',#2172,16.5);
#2172 = AXIS2_PLACEMENT_3D('',#2173,#2174,#2175);
#2173 = CARTESIAN_POINT('',(0.,-10.5,2.590204967648E-15));
#2174 = DIRECTION('',(0.,-1.,2.22044604925E-16));
#2175 = DIRECTION('',(1.,0.,0.));
#2176 = ORIENTED_EDGE('',*,*,#2177,.T.);
#2177 = EDGE_CURVE('',#2167,#2178,#2180,.T.);
#2178 = VERTEX_POINT('',#2179);
#2179 = CARTESIAN_POINT('',(-22.,-10.5,5.284427925772E-15));
#2180 = LINE('',#2181,#2182);
#2181 = CARTESIAN_POINT('',(-16.5,-10.5,4.610872186241E-15));
#2182 = VECTOR('',#2183,1.);
#2183 = DIRECTION('',(-1.,2.719262146894E-32,1.224646799147E-16));
#2184 = ORIENTED_EDGE('',*,*,#2185,.T.);
#2185 = EDGE_CURVE('',#2178,#2186,#2188,.T.);
#2186 = VERTEX_POINT('',#2187);
#2187 = CARTESIAN_POINT('',(-15.55634156049,-10.5,-15.5563568117));
#2188 = CIRCLE('',#2189,22.);
#2189 = AXIS2_PLACEMENT_3D('',#2190,#2191,#2192);
#2190 = CARTESIAN_POINT('',(0.,-10.5,2.590204967648E-15));
#2191 = DIRECTION('',(0.,-1.,2.22044604925E-16));
#2192 = DIRECTION('',(1.,0.,0.));
#2193 = ORIENTED_EDGE('',*,*,#2194,.F.);
#2194 = EDGE_CURVE('',#2169,#2186,#2195,.T.);
#2195 = LINE('',#2196,#2197);
#2196 = CARTESIAN_POINT('',(-11.66725617037,-10.5,-11.66726760877));
#2197 = VECTOR('',#2198,1.);
#2198 = DIRECTION('',(-0.707106434568,-1.570093228331E-16,
    -0.707107127805));
#2199 = FACE_BOUND('',#2200,.F.);
#2200 = EDGE_LOOP('',(#2201));
#2201 = ORIENTED_EDGE('',*,*,#2202,.T.);
#2202 = EDGE_CURVE('',#2203,#2203,#2205,.T.);
#2203 = VERTEX_POINT('',#2204);
#2204 = CARTESIAN_POINT('',(-2.936106,-10.5,-11.25605399581));
#2205 = CIRCLE('',#2206,2.5);
#2206 = AXIS2_PLACEMENT_3D('',#2207,#2208,#2209);
#2207 = CARTESIAN_POINT('',(-5.436106,-10.5,-11.25605399581));
#2208 = DIRECTION('',(0.,-1.,2.22044604925E-16));
#2209 = DIRECTION('',(1.,0.,0.));
#2210 = FACE_BOUND('',#2211,.F.);
#2211 = EDGE_LOOP('',(#2212));
#2212 = ORIENTED_EDGE('',*,*,#2213,.T.);
#2213 = EDGE_CURVE('',#2214,#2214,#2216,.T.);
#2214 = VERTEX_POINT('',#2215);
#2215 = CARTESIAN_POINT('',(-8.756053995818,-10.5,5.436106));
#2216 = CIRCLE('',#2217,2.5);
#2217 = AXIS2_PLACEMENT_3D('',#2218,#2219,#2220);
#2218 = CARTESIAN_POINT('',(-11.25605399581,-10.5,5.436106));
#2219 = DIRECTION('',(0.,-1.,2.22044604925E-16));
#2220 = DIRECTION('',(1.,0.,0.));
#2221 = FACE_BOUND('',#2222,.F.);
#2222 = EDGE_LOOP('',(#2223,#2234,#2242,#2251));
#2223 = ORIENTED_EDGE('',*,*,#2224,.F.);
#2224 = EDGE_CURVE('',#2225,#2227,#2229,.T.);
#2225 = VERTEX_POINT('',#2226);
#2226 = CARTESIAN_POINT('',(1.010333609297E-15,-10.5,16.5));
#2227 = VERTEX_POINT('',#2228);
#2228 = CARTESIAN_POINT('',(-11.66725617037,-10.5,11.667267608779));
#2229 = CIRCLE('',#2230,16.5);
#2230 = AXIS2_PLACEMENT_3D('',#2231,#2232,#2233);
#2231 = CARTESIAN_POINT('',(0.,-10.5,2.590204967648E-15));
#2232 = DIRECTION('',(0.,-1.,2.22044604925E-16));
#2233 = DIRECTION('',(1.,0.,0.));
#2234 = ORIENTED_EDGE('',*,*,#2235,.T.);
#2235 = EDGE_CURVE('',#2225,#2236,#2238,.T.);
#2236 = VERTEX_POINT('',#2237);
#2237 = CARTESIAN_POINT('',(1.347111479062E-15,-10.5,22.));
#2238 = LINE('',#2239,#2240);
#2239 = CARTESIAN_POINT('',(1.010333609297E-15,-10.5,16.5));
#2240 = VECTOR('',#2241,1.);
#2241 = DIRECTION('',(6.123233995737E-17,2.22044604925E-16,1.));
#2242 = ORIENTED_EDGE('',*,*,#2243,.T.);
#2243 = EDGE_CURVE('',#2236,#2244,#2246,.T.);
#2244 = VERTEX_POINT('',#2245);
#2245 = CARTESIAN_POINT('',(-15.55634156049,-10.5,15.556356811705));
#2246 = CIRCLE('',#2247,22.);
#2247 = AXIS2_PLACEMENT_3D('',#2248,#2249,#2250);
#2248 = CARTESIAN_POINT('',(0.,-10.5,2.590204967648E-15));
#2249 = DIRECTION('',(0.,-1.,2.22044604925E-16));
#2250 = DIRECTION('',(1.,0.,0.));
#2251 = ORIENTED_EDGE('',*,*,#2252,.F.);
#2252 = EDGE_CURVE('',#2227,#2244,#2253,.T.);
#2253 = LINE('',#2254,#2255);
#2254 = CARTESIAN_POINT('',(-11.66725617037,-10.5,11.667267608779));
#2255 = VECTOR('',#2256,1.);
#2256 = DIRECTION('',(-0.707106434568,1.570093228331E-16,0.707107127805)
  );
#2257 = FACE_BOUND('',#2258,.F.);
#2258 = EDGE_LOOP('',(#2259,#2270,#2278,#2287));
#2259 = ORIENTED_EDGE('',*,*,#2260,.F.);
#2260 = EDGE_CURVE('',#2261,#2263,#2265,.T.);
#2261 = VERTEX_POINT('',#2262);
#2262 = CARTESIAN_POINT('',(-3.03100082789E-15,-10.5,-16.5));
#2263 = VERTEX_POINT('',#2264);
#2264 = CARTESIAN_POINT('',(11.667263795979,-10.5,-11.66725998317));
#2265 = CIRCLE('',#2266,16.5);
#2266 = AXIS2_PLACEMENT_3D('',#2267,#2268,#2269);
#2267 = CARTESIAN_POINT('',(0.,-10.5,2.590204967648E-15));
#2268 = DIRECTION('',(0.,-1.,2.22044604925E-16));
#2269 = DIRECTION('',(1.,0.,0.));
#2270 = ORIENTED_EDGE('',*,*,#2271,.T.);
#2271 = EDGE_CURVE('',#2261,#2272,#2274,.T.);
#2272 = VERTEX_POINT('',#2273);
#2273 = CARTESIAN_POINT('',(-4.041334437186E-15,-10.5,-22.));
#2274 = LINE('',#2275,#2276);
#2275 = CARTESIAN_POINT('',(-3.03100082789E-15,-10.5,-16.5));
#2276 = VECTOR('',#2277,1.);
#2277 = DIRECTION('',(-1.836970198721E-16,-2.22044604925E-16,-1.));
#2278 = ORIENTED_EDGE('',*,*,#2279,.T.);
#2279 = EDGE_CURVE('',#2272,#2280,#2282,.T.);
#2280 = VERTEX_POINT('',#2281);
#2281 = CARTESIAN_POINT('',(15.556351727972,-10.5,-15.55634664423));
#2282 = CIRCLE('',#2283,22.);
#2283 = AXIS2_PLACEMENT_3D('',#2284,#2285,#2286);
#2284 = CARTESIAN_POINT('',(0.,-10.5,2.590204967648E-15));
#2285 = DIRECTION('',(0.,-1.,2.22044604925E-16));
#2286 = DIRECTION('',(1.,0.,0.));
#2287 = ORIENTED_EDGE('',*,*,#2288,.F.);
#2288 = EDGE_CURVE('',#2263,#2280,#2289,.T.);
#2289 = LINE('',#2290,#2291);
#2290 = CARTESIAN_POINT('',(11.667263795979,-10.5,-11.66725998317));
#2291 = VECTOR('',#2292,1.);
#2292 = DIRECTION('',(0.707106896726,-1.570092202135E-16,-0.707106665647
    ));
#2293 = FACE_BOUND('',#2294,.F.);
#2294 = EDGE_LOOP('',(#2295));
#2295 = ORIENTED_EDGE('',*,*,#2296,.T.);
#2296 = EDGE_CURVE('',#2297,#2297,#2299,.T.);
#2297 = VERTEX_POINT('',#2298);
#2298 = CARTESIAN_POINT('',(13.756053995818,-10.5,-5.436106));
#2299 = CIRCLE('',#2300,2.5);
#2300 = AXIS2_PLACEMENT_3D('',#2301,#2302,#2303);
#2301 = CARTESIAN_POINT('',(11.256053995818,-10.5,-5.436106));
#2302 = DIRECTION('',(0.,-1.,2.22044604925E-16));
#2303 = DIRECTION('',(1.,0.,0.));
#2304 = FACE_BOUND('',#2305,.F.);
#2305 = EDGE_LOOP('',(#2306));
#2306 = ORIENTED_EDGE('',*,*,#2307,.T.);
#2307 = EDGE_CURVE('',#2308,#2308,#2310,.T.);
#2308 = VERTEX_POINT('',#2309);
#2309 = CARTESIAN_POINT('',(7.936105735865,-10.5,11.256054123382));
#2310 = CIRCLE('',#2311,2.5);
#2311 = AXIS2_PLACEMENT_3D('',#2312,#2313,#2314);
#2312 = CARTESIAN_POINT('',(5.436105735865,-10.5,11.256054123382));
#2313 = DIRECTION('',(0.,-1.,2.22044604925E-16));
#2314 = DIRECTION('',(1.,0.,0.));
#2315 = FACE_BOUND('',#2316,.F.);
#2316 = EDGE_LOOP('',(#2317,#2328,#2336,#2345));
#2317 = ORIENTED_EDGE('',*,*,#2318,.F.);
#2318 = EDGE_CURVE('',#2319,#2321,#2323,.T.);
#2319 = VERTEX_POINT('',#2320);
#2320 = CARTESIAN_POINT('',(16.5,-10.5,2.590204967648E-15));
#2321 = VERTEX_POINT('',#2322);
#2322 = CARTESIAN_POINT('',(11.667263795979,-10.5,11.667259983177));
#2323 = CIRCLE('',#2324,16.5);
#2324 = AXIS2_PLACEMENT_3D('',#2325,#2326,#2327);
#2325 = CARTESIAN_POINT('',(0.,-10.5,2.590204967648E-15));
#2326 = DIRECTION('',(0.,-1.,2.22044604925E-16));
#2327 = DIRECTION('',(1.,0.,0.));
#2328 = ORIENTED_EDGE('',*,*,#2329,.T.);
#2329 = EDGE_CURVE('',#2319,#2330,#2332,.T.);
#2330 = VERTEX_POINT('',#2331);
#2331 = CARTESIAN_POINT('',(22.,-10.5,2.590204967648E-15));
#2332 = LINE('',#2333,#2334);
#2333 = CARTESIAN_POINT('',(16.5,-10.5,2.590204967648E-15));
#2334 = VECTOR('',#2335,1.);
#2335 = DIRECTION('',(1.,0.,0.));
#2336 = ORIENTED_EDGE('',*,*,#2337,.T.);
#2337 = EDGE_CURVE('',#2330,#2338,#2340,.T.);
#2338 = VERTEX_POINT('',#2339);
#2339 = CARTESIAN_POINT('',(15.556351727972,-10.5,15.556346644236));
#2340 = CIRCLE('',#2341,22.);
#2341 = AXIS2_PLACEMENT_3D('',#2342,#2343,#2344);
#2342 = CARTESIAN_POINT('',(0.,-10.5,2.590204967648E-15));
#2343 = DIRECTION('',(0.,-1.,2.22044604925E-16));
#2344 = DIRECTION('',(1.,0.,0.));
#2345 = ORIENTED_EDGE('',*,*,#2346,.F.);
#2346 = EDGE_CURVE('',#2321,#2338,#2347,.T.);
#2347 = LINE('',#2348,#2349);
#2348 = CARTESIAN_POINT('',(11.667263795979,-10.5,11.667259983177));
#2349 = VECTOR('',#2350,1.);
#2350 = DIRECTION('',(0.707106896726,1.570092202135E-16,0.707106665647)
  );
#2351 = PLANE('',#2352);
#2352 = AXIS2_PLACEMENT_3D('',#2353,#2354,#2355);
#2353 = CARTESIAN_POINT('',(-9.31023068963E-16,-10.5,4.461788690433E-15)
  );
#2354 = DIRECTION('',(0.,1.,-2.618502381458E-16));
#2355 = DIRECTION('',(0.,2.618502381458E-16,1.));
#2356 = ADVANCED_FACE('',(#2357),#2373,.T.);
#2357 = FACE_BOUND('',#2358,.T.);
#2358 = EDGE_LOOP('',(#2359,#2360,#2366,#2367));
#2359 = ORIENTED_EDGE('',*,*,#2166,.F.);
#2360 = ORIENTED_EDGE('',*,*,#2361,.T.);
#2361 = EDGE_CURVE('',#2167,#1959,#2362,.T.);
#2362 = LINE('',#2363,#2364);
#2363 = CARTESIAN_POINT('',(-16.5,-10.5,4.610872186241E-15));
#2364 = VECTOR('',#2365,1.);
#2365 = DIRECTION('',(0.,1.,-2.22044604925E-16));
#2366 = ORIENTED_EDGE('',*,*,#1958,.T.);
#2367 = ORIENTED_EDGE('',*,*,#2368,.F.);
#2368 = EDGE_CURVE('',#2169,#1961,#2369,.T.);
#2369 = LINE('',#2370,#2371);
#2370 = CARTESIAN_POINT('',(-11.66725617037,-10.5,-11.66726760877));
#2371 = VECTOR('',#2372,1.);
#2372 = DIRECTION('',(0.,1.,-2.22044604925E-16));
#2373 = CYLINDRICAL_SURFACE('',#2374,16.5);
#2374 = AXIS2_PLACEMENT_3D('',#2375,#2376,#2377);
#2375 = CARTESIAN_POINT('',(0.,-10.5,2.590204967648E-15));
#2376 = DIRECTION('',(0.,-1.,2.22044604925E-16));
#2377 = DIRECTION('',(1.,0.,0.));
#2378 = ADVANCED_FACE('',(#2379),#2390,.F.);
#2379 = FACE_BOUND('',#2380,.F.);
#2380 = EDGE_LOOP('',(#2381,#2382,#2383,#2384));
#2381 = ORIENTED_EDGE('',*,*,#2177,.F.);
#2382 = ORIENTED_EDGE('',*,*,#2361,.T.);
#2383 = ORIENTED_EDGE('',*,*,#1969,.F.);
#2384 = ORIENTED_EDGE('',*,*,#2385,.F.);
#2385 = EDGE_CURVE('',#2178,#1970,#2386,.T.);
#2386 = LINE('',#2387,#2388);
#2387 = CARTESIAN_POINT('',(-22.,-10.5,5.284427925772E-15));
#2388 = VECTOR('',#2389,1.);
#2389 = DIRECTION('',(0.,1.,-2.22044604925E-16));
#2390 = PLANE('',#2391);
#2391 = AXIS2_PLACEMENT_3D('',#2392,#2393,#2394);
#2392 = CARTESIAN_POINT('',(-16.5,-10.5,4.610872186241E-15));
#2393 = DIRECTION('',(1.224646799147E-16,2.22044604925E-16,1.));
#2394 = DIRECTION('',(-1.,2.719262146894E-32,1.224646799147E-16));
#2395 = ADVANCED_FACE('',(#2396),#2407,.T.);
#2396 = FACE_BOUND('',#2397,.T.);
#2397 = EDGE_LOOP('',(#2398,#2399,#2400,#2401));
#2398 = ORIENTED_EDGE('',*,*,#2194,.F.);
#2399 = ORIENTED_EDGE('',*,*,#2368,.T.);
#2400 = ORIENTED_EDGE('',*,*,#1986,.F.);
#2401 = ORIENTED_EDGE('',*,*,#2402,.F.);
#2402 = EDGE_CURVE('',#2186,#1978,#2403,.T.);
#2403 = LINE('',#2404,#2405);
#2404 = CARTESIAN_POINT('',(-15.55634156049,-10.5,-15.5563568117));
#2405 = VECTOR('',#2406,1.);
#2406 = DIRECTION('',(0.,1.,-2.22044604925E-16));
#2407 = PLANE('',#2408);
#2408 = AXIS2_PLACEMENT_3D('',#2409,#2410,#2411);
#2409 = CARTESIAN_POINT('',(-11.66725617037,-10.5,-11.66726760877));
#2410 = DIRECTION('',(-0.707107127805,1.570091689036E-16,0.707106434568)
  );
#2411 = DIRECTION('',(-0.707106434568,-1.570093228331E-16,
    -0.707107127805));
#2412 = ADVANCED_FACE('',(#2413),#2419,.F.);
#2413 = FACE_BOUND('',#2414,.F.);
#2414 = EDGE_LOOP('',(#2415,#2416,#2417,#2418));
#2415 = ORIENTED_EDGE('',*,*,#2185,.F.);
#2416 = ORIENTED_EDGE('',*,*,#2385,.T.);
#2417 = ORIENTED_EDGE('',*,*,#1977,.T.);
#2418 = ORIENTED_EDGE('',*,*,#2402,.F.);
#2419 = CYLINDRICAL_SURFACE('',#2420,22.);
#2420 = AXIS2_PLACEMENT_3D('',#2421,#2422,#2423);
#2421 = CARTESIAN_POINT('',(0.,-10.5,2.590204967648E-15));
#2422 = DIRECTION('',(0.,-1.,2.22044604925E-16));
#2423 = DIRECTION('',(1.,0.,0.));
#2424 = ADVANCED_FACE('',(#2425),#2436,.F.);
#2425 = FACE_BOUND('',#2426,.F.);
#2426 = EDGE_LOOP('',(#2427,#2428,#2434,#2435));
#2427 = ORIENTED_EDGE('',*,*,#2202,.F.);
#2428 = ORIENTED_EDGE('',*,*,#2429,.T.);
#2429 = EDGE_CURVE('',#2203,#1995,#2430,.T.);
#2430 = LINE('',#2431,#2432);
#2431 = CARTESIAN_POINT('',(-2.936106,-10.5,-11.25605399581));
#2432 = VECTOR('',#2433,1.);
#2433 = DIRECTION('',(0.,1.,-2.22044604925E-16));
#2434 = ORIENTED_EDGE('',*,*,#1994,.T.);
#2435 = ORIENTED_EDGE('',*,*,#2429,.F.);
#2436 = CYLINDRICAL_SURFACE('',#2437,2.5);
#2437 = AXIS2_PLACEMENT_3D('',#2438,#2439,#2440);
#2438 = CARTESIAN_POINT('',(-5.436106,-10.5,-11.25605399581));
#2439 = DIRECTION('',(0.,-1.,2.22044604925E-16));
#2440 = DIRECTION('',(1.,0.,0.));
#2441 = ADVANCED_FACE('',(#2442),#2453,.F.);
#2442 = FACE_BOUND('',#2443,.F.);
#2443 = EDGE_LOOP('',(#2444,#2445,#2451,#2452));
#2444 = ORIENTED_EDGE('',*,*,#2213,.F.);
#2445 = ORIENTED_EDGE('',*,*,#2446,.T.);
#2446 = EDGE_CURVE('',#2214,#2006,#2447,.T.);
#2447 = LINE('',#2448,#2449);
#2448 = CARTESIAN_POINT('',(-8.756053995818,-10.5,5.436106));
#2449 = VECTOR('',#2450,1.);
#2450 = DIRECTION('',(0.,1.,-2.22044604925E-16));
#2451 = ORIENTED_EDGE('',*,*,#2005,.T.);
#2452 = ORIENTED_EDGE('',*,*,#2446,.F.);
#2453 = CYLINDRICAL_SURFACE('',#2454,2.5);
#2454 = AXIS2_PLACEMENT_3D('',#2455,#2456,#2457);
#2455 = CARTESIAN_POINT('',(-11.25605399581,-10.5,5.436106));
#2456 = DIRECTION('',(0.,-1.,2.22044604925E-16));
#2457 = DIRECTION('',(1.,0.,0.));
#2458 = ADVANCED_FACE('',(#2459),#2475,.F.);
#2459 = FACE_BOUND('',#2460,.F.);
#2460 = EDGE_LOOP('',(#2461,#2462,#2468,#2469));
#2461 = ORIENTED_EDGE('',*,*,#2235,.F.);
#2462 = ORIENTED_EDGE('',*,*,#2463,.T.);
#2463 = EDGE_CURVE('',#2225,#2019,#2464,.T.);
#2464 = LINE('',#2465,#2466);
#2465 = CARTESIAN_POINT('',(1.010333609297E-15,-10.5,16.5));
#2466 = VECTOR('',#2467,1.);
#2467 = DIRECTION('',(0.,1.,-2.22044604925E-16));
#2468 = ORIENTED_EDGE('',*,*,#2016,.F.);
#2469 = ORIENTED_EDGE('',*,*,#2470,.F.);
#2470 = EDGE_CURVE('',#2236,#2017,#2471,.T.);
#2471 = LINE('',#2472,#2473);
#2472 = CARTESIAN_POINT('',(1.347111479062E-15,-10.5,22.));
#2473 = VECTOR('',#2474,1.);
#2474 = DIRECTION('',(0.,1.,-2.22044604925E-16));
#2475 = PLANE('',#2476);
#2476 = AXIS2_PLACEMENT_3D('',#2477,#2478,#2479);
#2477 = CARTESIAN_POINT('',(1.010333609297E-15,-10.5,16.5));
#2478 = DIRECTION('',(1.,-1.359631073447E-32,-6.123233995737E-17));
#2479 = DIRECTION('',(6.123233995737E-17,2.22044604925E-16,1.));
#2480 = ADVANCED_FACE('',(#2481),#2492,.F.);
#2481 = FACE_BOUND('',#2482,.F.);
#2482 = EDGE_LOOP('',(#2483,#2484,#2485,#2486));
#2483 = ORIENTED_EDGE('',*,*,#2243,.F.);
#2484 = ORIENTED_EDGE('',*,*,#2470,.T.);
#2485 = ORIENTED_EDGE('',*,*,#2026,.T.);
#2486 = ORIENTED_EDGE('',*,*,#2487,.F.);
#2487 = EDGE_CURVE('',#2244,#2027,#2488,.T.);
#2488 = LINE('',#2489,#2490);
#2489 = CARTESIAN_POINT('',(-15.55634156049,-10.5,15.556356811705));
#2490 = VECTOR('',#2491,1.);
#2491 = DIRECTION('',(0.,1.,-2.22044604925E-16));
#2492 = CYLINDRICAL_SURFACE('',#2493,22.);
#2493 = AXIS2_PLACEMENT_3D('',#2494,#2495,#2496);
#2494 = CARTESIAN_POINT('',(0.,-10.5,2.590204967648E-15));
#2495 = DIRECTION('',(0.,-1.,2.22044604925E-16));
#2496 = DIRECTION('',(1.,0.,0.));
#2497 = ADVANCED_FACE('',(#2498),#2509,.T.);
#2498 = FACE_BOUND('',#2499,.T.);
#2499 = EDGE_LOOP('',(#2500,#2501,#2502,#2503));
#2500 = ORIENTED_EDGE('',*,*,#2224,.F.);
#2501 = ORIENTED_EDGE('',*,*,#2463,.T.);
#2502 = ORIENTED_EDGE('',*,*,#2043,.T.);
#2503 = ORIENTED_EDGE('',*,*,#2504,.F.);
#2504 = EDGE_CURVE('',#2227,#2036,#2505,.T.);
#2505 = LINE('',#2506,#2507);
#2506 = CARTESIAN_POINT('',(-11.66725617037,-10.5,11.667267608779));
#2507 = VECTOR('',#2508,1.);
#2508 = DIRECTION('',(0.,1.,-2.22044604925E-16));
#2509 = CYLINDRICAL_SURFACE('',#2510,16.5);
#2510 = AXIS2_PLACEMENT_3D('',#2511,#2512,#2513);
#2511 = CARTESIAN_POINT('',(0.,-10.5,2.590204967648E-15));
#2512 = DIRECTION('',(0.,-1.,2.22044604925E-16));
#2513 = DIRECTION('',(1.,0.,0.));
#2514 = ADVANCED_FACE('',(#2515),#2521,.T.);
#2515 = FACE_BOUND('',#2516,.T.);
#2516 = EDGE_LOOP('',(#2517,#2518,#2519,#2520));
#2517 = ORIENTED_EDGE('',*,*,#2252,.F.);
#2518 = ORIENTED_EDGE('',*,*,#2504,.T.);
#2519 = ORIENTED_EDGE('',*,*,#2035,.F.);
#2520 = ORIENTED_EDGE('',*,*,#2487,.F.);
#2521 = PLANE('',#2522);
#2522 = AXIS2_PLACEMENT_3D('',#2523,#2524,#2525);
#2523 = CARTESIAN_POINT('',(-11.66725617037,-10.5,11.667267608779));
#2524 = DIRECTION('',(0.707107127805,1.570091689036E-16,0.707106434568)
  );
#2525 = DIRECTION('',(-0.707106434568,1.570093228331E-16,0.707107127805)
  );
#2526 = ADVANCED_FACE('',(#2527),#2543,.T.);
#2527 = FACE_BOUND('',#2528,.T.);
#2528 = EDGE_LOOP('',(#2529,#2530,#2536,#2537));
#2529 = ORIENTED_EDGE('',*,*,#2260,.F.);
#2530 = ORIENTED_EDGE('',*,*,#2531,.T.);
#2531 = EDGE_CURVE('',#2261,#2053,#2532,.T.);
#2532 = LINE('',#2533,#2534);
#2533 = CARTESIAN_POINT('',(-3.03100082789E-15,-10.5,-16.5));
#2534 = VECTOR('',#2535,1.);
#2535 = DIRECTION('',(0.,1.,-2.22044604925E-16));
#2536 = ORIENTED_EDGE('',*,*,#2052,.T.);
#2537 = ORIENTED_EDGE('',*,*,#2538,.F.);
#2538 = EDGE_CURVE('',#2263,#2055,#2539,.T.);
#2539 = LINE('',#2540,#2541);
#2540 = CARTESIAN_POINT('',(11.667263795979,-10.5,-11.66725998317));
#2541 = VECTOR('',#2542,1.);
#2542 = DIRECTION('',(0.,1.,-2.22044604925E-16));
#2543 = CYLINDRICAL_SURFACE('',#2544,16.5);
#2544 = AXIS2_PLACEMENT_3D('',#2545,#2546,#2547);
#2545 = CARTESIAN_POINT('',(0.,-10.5,2.590204967648E-15));
#2546 = DIRECTION('',(0.,-1.,2.22044604925E-16));
#2547 = DIRECTION('',(1.,0.,0.));
#2548 = ADVANCED_FACE('',(#2549),#2560,.F.);
#2549 = FACE_BOUND('',#2550,.F.);
#2550 = EDGE_LOOP('',(#2551,#2552,#2553,#2554));
#2551 = ORIENTED_EDGE('',*,*,#2271,.F.);
#2552 = ORIENTED_EDGE('',*,*,#2531,.T.);
#2553 = ORIENTED_EDGE('',*,*,#2063,.F.);
#2554 = ORIENTED_EDGE('',*,*,#2555,.F.);
#2555 = EDGE_CURVE('',#2272,#2064,#2556,.T.);
#2556 = LINE('',#2557,#2558);
#2557 = CARTESIAN_POINT('',(-4.041334437186E-15,-10.5,-22.));
#2558 = VECTOR('',#2559,1.);
#2559 = DIRECTION('',(0.,1.,-2.22044604925E-16));
#2560 = PLANE('',#2561);
#2561 = AXIS2_PLACEMENT_3D('',#2562,#2563,#2564);
#2562 = CARTESIAN_POINT('',(-3.03100082789E-15,-10.5,-16.5));
#2563 = DIRECTION('',(-1.,4.078893220341E-32,1.836970198721E-16));
#2564 = DIRECTION('',(-1.836970198721E-16,-2.22044604925E-16,-1.));
#2565 = ADVANCED_FACE('',(#2566),#2577,.T.);
#2566 = FACE_BOUND('',#2567,.T.);
#2567 = EDGE_LOOP('',(#2568,#2569,#2570,#2571));
#2568 = ORIENTED_EDGE('',*,*,#2288,.F.);
#2569 = ORIENTED_EDGE('',*,*,#2538,.T.);
#2570 = ORIENTED_EDGE('',*,*,#2080,.F.);
#2571 = ORIENTED_EDGE('',*,*,#2572,.F.);
#2572 = EDGE_CURVE('',#2280,#2072,#2573,.T.);
#2573 = LINE('',#2574,#2575);
#2574 = CARTESIAN_POINT('',(15.556351727972,-10.5,-15.55634664423));
#2575 = VECTOR('',#2576,1.);
#2576 = DIRECTION('',(0.,1.,-2.22044604925E-16));
#2577 = PLANE('',#2578);
#2578 = AXIS2_PLACEMENT_3D('',#2579,#2580,#2581);
#2579 = CARTESIAN_POINT('',(11.667263795979,-10.5,-11.66725998317));
#2580 = DIRECTION('',(-0.707106665647,-1.570092715233E-16,
    -0.707106896726));
#2581 = DIRECTION('',(0.707106896726,-1.570092202135E-16,-0.707106665647
    ));
#2582 = ADVANCED_FACE('',(#2583),#2589,.F.);
#2583 = FACE_BOUND('',#2584,.F.);
#2584 = EDGE_LOOP('',(#2585,#2586,#2587,#2588));
#2585 = ORIENTED_EDGE('',*,*,#2279,.F.);
#2586 = ORIENTED_EDGE('',*,*,#2555,.T.);
#2587 = ORIENTED_EDGE('',*,*,#2071,.T.);
#2588 = ORIENTED_EDGE('',*,*,#2572,.F.);
#2589 = CYLINDRICAL_SURFACE('',#2590,22.);
#2590 = AXIS2_PLACEMENT_3D('',#2591,#2592,#2593);
#2591 = CARTESIAN_POINT('',(0.,-10.5,2.590204967648E-15));
#2592 = DIRECTION('',(0.,-1.,2.22044604925E-16));
#2593 = DIRECTION('',(1.,0.,0.));
#2594 = ADVANCED_FACE('',(#2595),#2606,.F.);
#2595 = FACE_BOUND('',#2596,.F.);
#2596 = EDGE_LOOP('',(#2597,#2598,#2604,#2605));
#2597 = ORIENTED_EDGE('',*,*,#2296,.F.);
#2598 = ORIENTED_EDGE('',*,*,#2599,.T.);
#2599 = EDGE_CURVE('',#2297,#2089,#2600,.T.);
#2600 = LINE('',#2601,#2602);
#2601 = CARTESIAN_POINT('',(13.756053995818,-10.5,-5.436106));
#2602 = VECTOR('',#2603,1.);
#2603 = DIRECTION('',(0.,1.,-2.22044604925E-16));
#2604 = ORIENTED_EDGE('',*,*,#2088,.T.);
#2605 = ORIENTED_EDGE('',*,*,#2599,.F.);
#2606 = CYLINDRICAL_SURFACE('',#2607,2.5);
#2607 = AXIS2_PLACEMENT_3D('',#2608,#2609,#2610);
#2608 = CARTESIAN_POINT('',(11.256053995818,-10.5,-5.436106));
#2609 = DIRECTION('',(0.,-1.,2.22044604925E-16));
#2610 = DIRECTION('',(1.,0.,0.));
#2611 = ADVANCED_FACE('',(#2612),#2631,.T.);
#2612 = FACE_BOUND('',#2613,.F.);
#2613 = EDGE_LOOP('',(#2614,#2622,#2629,#2630));
#2614 = ORIENTED_EDGE('',*,*,#2615,.T.);
#2615 = EDGE_CURVE('',#2100,#2616,#2618,.T.);
#2616 = VERTEX_POINT('',#2617);
#2617 = CARTESIAN_POINT('',(-5.,-5.,1.309251190729E-15));
#2618 = LINE('',#2619,#2620);
#2619 = CARTESIAN_POINT('',(-5.,-9.,2.197429610429E-15));
#2620 = VECTOR('',#2621,1.);
#2621 = DIRECTION('',(0.,1.,-2.22044604925E-16));
#2622 = ORIENTED_EDGE('',*,*,#2623,.T.);
#2623 = EDGE_CURVE('',#2616,#2616,#2624,.T.);
#2624 = CIRCLE('',#2625,5.);
#2625 = AXIS2_PLACEMENT_3D('',#2626,#2627,#2628);
#2626 = CARTESIAN_POINT('',(0.,-5.,1.309251190729E-15));
#2627 = DIRECTION('',(0.,1.,-2.22044604925E-16));
#2628 = DIRECTION('',(-1.,0.,0.));
#2629 = ORIENTED_EDGE('',*,*,#2615,.F.);
#2630 = ORIENTED_EDGE('',*,*,#2099,.F.);
#2631 = CYLINDRICAL_SURFACE('',#2632,5.);
#2632 = AXIS2_PLACEMENT_3D('',#2633,#2634,#2635);
#2633 = CARTESIAN_POINT('',(0.,-9.,2.197429610429E-15));
#2634 = DIRECTION('',(0.,-1.,2.22044604925E-16));
#2635 = DIRECTION('',(-1.,0.,0.));
#2636 = ADVANCED_FACE('',(#2637),#2648,.F.);
#2637 = FACE_BOUND('',#2638,.F.);
#2638 = EDGE_LOOP('',(#2639,#2640,#2646,#2647));
#2639 = ORIENTED_EDGE('',*,*,#2307,.F.);
#2640 = ORIENTED_EDGE('',*,*,#2641,.T.);
#2641 = EDGE_CURVE('',#2308,#2111,#2642,.T.);
#2642 = LINE('',#2643,#2644);
#2643 = CARTESIAN_POINT('',(7.936105735865,-10.5,11.256054123382));
#2644 = VECTOR('',#2645,1.);
#2645 = DIRECTION('',(0.,1.,-2.22044604925E-16));
#2646 = ORIENTED_EDGE('',*,*,#2110,.T.);
#2647 = ORIENTED_EDGE('',*,*,#2641,.F.);
#2648 = CYLINDRICAL_SURFACE('',#2649,2.5);
#2649 = AXIS2_PLACEMENT_3D('',#2650,#2651,#2652);
#2650 = CARTESIAN_POINT('',(5.436105735865,-10.5,11.256054123382));
#2651 = DIRECTION('',(0.,-1.,2.22044604925E-16));
#2652 = DIRECTION('',(1.,0.,0.));
#2653 = ADVANCED_FACE('',(#2654),#2670,.T.);
#2654 = FACE_BOUND('',#2655,.T.);
#2655 = EDGE_LOOP('',(#2656,#2657,#2663,#2664));
#2656 = ORIENTED_EDGE('',*,*,#2318,.F.);
#2657 = ORIENTED_EDGE('',*,*,#2658,.T.);
#2658 = EDGE_CURVE('',#2319,#2122,#2659,.T.);
#2659 = LINE('',#2660,#2661);
#2660 = CARTESIAN_POINT('',(16.5,-10.5,2.590204967648E-15));
#2661 = VECTOR('',#2662,1.);
#2662 = DIRECTION('',(0.,1.,-2.22044604925E-16));
#2663 = ORIENTED_EDGE('',*,*,#2121,.T.);
#2664 = ORIENTED_EDGE('',*,*,#2665,.F.);
#2665 = EDGE_CURVE('',#2321,#2124,#2666,.T.);
#2666 = LINE('',#2667,#2668);
#2667 = CARTESIAN_POINT('',(11.667263795979,-10.5,11.667259983177));
#2668 = VECTOR('',#2669,1.);
#2669 = DIRECTION('',(0.,1.,-2.22044604925E-16));
#2670 = CYLINDRICAL_SURFACE('',#2671,16.5);
#2671 = AXIS2_PLACEMENT_3D('',#2672,#2673,#2674);
#2672 = CARTESIAN_POINT('',(0.,-10.5,2.590204967648E-15));
#2673 = DIRECTION('',(0.,-1.,2.22044604925E-16));
#2674 = DIRECTION('',(1.,0.,0.));
#2675 = ADVANCED_FACE('',(#2676),#2687,.F.);
#2676 = FACE_BOUND('',#2677,.F.);
#2677 = EDGE_LOOP('',(#2678,#2679,#2680,#2681));
#2678 = ORIENTED_EDGE('',*,*,#2329,.F.);
#2679 = ORIENTED_EDGE('',*,*,#2658,.T.);
#2680 = ORIENTED_EDGE('',*,*,#2132,.F.);
#2681 = ORIENTED_EDGE('',*,*,#2682,.F.);
#2682 = EDGE_CURVE('',#2330,#2133,#2683,.T.);
#2683 = LINE('',#2684,#2685);
#2684 = CARTESIAN_POINT('',(22.,-10.5,2.590204967648E-15));
#2685 = VECTOR('',#2686,1.);
#2686 = DIRECTION('',(0.,1.,-2.22044604925E-16));
#2687 = PLANE('',#2688);
#2688 = AXIS2_PLACEMENT_3D('',#2689,#2690,#2691);
#2689 = CARTESIAN_POINT('',(16.5,-10.5,2.590204967648E-15));
#2690 = DIRECTION('',(0.,-2.22044604925E-16,-1.));
#2691 = DIRECTION('',(1.,0.,0.));
#2692 = ADVANCED_FACE('',(#2693),#2704,.T.);
#2693 = FACE_BOUND('',#2694,.T.);
#2694 = EDGE_LOOP('',(#2695,#2696,#2697,#2698));
#2695 = ORIENTED_EDGE('',*,*,#2346,.F.);
#2696 = ORIENTED_EDGE('',*,*,#2665,.T.);
#2697 = ORIENTED_EDGE('',*,*,#2149,.F.);
#2698 = ORIENTED_EDGE('',*,*,#2699,.F.);
#2699 = EDGE_CURVE('',#2338,#2141,#2700,.T.);
#2700 = LINE('',#2701,#2702);
#2701 = CARTESIAN_POINT('',(15.556351727972,-10.5,15.556346644236));
#2702 = VECTOR('',#2703,1.);
#2703 = DIRECTION('',(0.,1.,-2.22044604925E-16));
#2704 = PLANE('',#2705);
#2705 = AXIS2_PLACEMENT_3D('',#2706,#2707,#2708);
#2706 = CARTESIAN_POINT('',(11.667263795979,-10.5,11.667259983177));
#2707 = DIRECTION('',(0.707106665647,-1.570092715233E-16,-0.707106896726
    ));
#2708 = DIRECTION('',(0.707106896726,1.570092202135E-16,0.707106665647)
  );
#2709 = ADVANCED_FACE('',(#2710),#2716,.F.);
#2710 = FACE_BOUND('',#2711,.F.);
#2711 = EDGE_LOOP('',(#2712,#2713,#2714,#2715));
#2712 = ORIENTED_EDGE('',*,*,#2337,.F.);
#2713 = ORIENTED_EDGE('',*,*,#2682,.T.);
#2714 = ORIENTED_EDGE('',*,*,#2140,.T.);
#2715 = ORIENTED_EDGE('',*,*,#2699,.F.);
#2716 = CYLINDRICAL_SURFACE('',#2717,22.);
#2717 = AXIS2_PLACEMENT_3D('',#2718,#2719,#2720);
#2718 = CARTESIAN_POINT('',(0.,-10.5,2.590204967648E-15));
#2719 = DIRECTION('',(0.,-1.,2.22044604925E-16));
#2720 = DIRECTION('',(1.,0.,0.));
#2721 = ADVANCED_FACE('',(#2722,#2725),#2736,.T.);
#2722 = FACE_BOUND('',#2723,.T.);
#2723 = EDGE_LOOP('',(#2724));
#2724 = ORIENTED_EDGE('',*,*,#2623,.T.);
#2725 = FACE_BOUND('',#2726,.T.);
#2726 = EDGE_LOOP('',(#2727));
#2727 = ORIENTED_EDGE('',*,*,#2728,.F.);
#2728 = EDGE_CURVE('',#2729,#2729,#2731,.T.);
#2729 = VERTEX_POINT('',#2730);
#2730 = CARTESIAN_POINT('',(-2.9,-5.,1.298410459462E-15));
#2731 = CIRCLE('',#2732,2.9);
#2732 = AXIS2_PLACEMENT_3D('',#2733,#2734,#2735);
#2733 = CARTESIAN_POINT('',(0.,-5.,1.298410459462E-15));
#2734 = DIRECTION('',(0.,1.,-2.22044604925E-16));
#2735 = DIRECTION('',(-1.,0.,0.));
#2736 = PLANE('',#2737);
#2737 = AXIS2_PLACEMENT_3D('',#2738,#2739,#2740);
#2738 = CARTESIAN_POINT('',(2.734880265079E-16,-5.,1.188368234402E-15));
#2739 = DIRECTION('',(0.,1.,-4.102320397618E-16));
#2740 = DIRECTION('',(0.,4.102320397618E-16,1.));
#2741 = ADVANCED_FACE('',(#2742),#2761,.F.);
#2742 = FACE_BOUND('',#2743,.F.);
#2743 = EDGE_LOOP('',(#2744,#2752,#2759,#2760));
#2744 = ORIENTED_EDGE('',*,*,#2745,.T.);
#2745 = EDGE_CURVE('',#2729,#2746,#2748,.T.);
#2746 = VERTEX_POINT('',#2747);
#2747 = CARTESIAN_POINT('',(-2.9,-9.,2.186588879162E-15));
#2748 = LINE('',#2749,#2750);
#2749 = CARTESIAN_POINT('',(-2.9,-5.,1.298410459462E-15));
#2750 = VECTOR('',#2751,1.);
#2751 = DIRECTION('',(0.,-1.,2.22044604925E-16));
#2752 = ORIENTED_EDGE('',*,*,#2753,.T.);
#2753 = EDGE_CURVE('',#2746,#2746,#2754,.T.);
#2754 = CIRCLE('',#2755,2.9);
#2755 = AXIS2_PLACEMENT_3D('',#2756,#2757,#2758);
#2756 = CARTESIAN_POINT('',(0.,-9.,2.186588879162E-15));
#2757 = DIRECTION('',(0.,1.,-2.22044604925E-16));
#2758 = DIRECTION('',(-1.,0.,0.));
#2759 = ORIENTED_EDGE('',*,*,#2745,.F.);
#2760 = ORIENTED_EDGE('',*,*,#2728,.F.);
#2761 = CYLINDRICAL_SURFACE('',#2762,2.9);
#2762 = AXIS2_PLACEMENT_3D('',#2763,#2764,#2765);
#2763 = CARTESIAN_POINT('',(0.,-5.,1.298410459462E-15));
#2764 = DIRECTION('',(0.,1.,-2.22044604925E-16));
#2765 = DIRECTION('',(-1.,0.,0.));
#2766 = ADVANCED_FACE('',(#2767),#2770,.T.);
#2767 = FACE_BOUND('',#2768,.T.);
#2768 = EDGE_LOOP('',(#2769));
#2769 = ORIENTED_EDGE('',*,*,#2753,.T.);
#2770 = PLANE('',#2771);
#2771 = AXIS2_PLACEMENT_3D('',#2772,#2773,#2774);
#2772 = CARTESIAN_POINT('',(1.178827700465E-16,-9.,2.400790879584E-15));
#2773 = DIRECTION('',(0.,1.,-3.536483101395E-16));
#2774 = DIRECTION('',(0.,3.536483101395E-16,1.));
#2775 = ( GEOMETRIC_REPRESENTATION_CONTEXT(3) 
GLOBAL_UNCERTAINTY_ASSIGNED_CONTEXT((#2779)) 
GLOBAL_UNIT_ASSIGNED_CONTEXT((#2776,#2777,#2778)) REPRESENTATION_CONTEXT
('Context #1','3D Context with UNIT and UNCERTAINTY') );
#2776 = ( LENGTH_UNIT() NAMED_UNIT(*) SI_UNIT(.MILLI.,.METRE.) );
#2777 = ( NAMED_UNIT(*) PLANE_ANGLE_UNIT() SI_UNIT($,.RADIAN.) );
#2778 = ( NAMED_UNIT(*) SI_UNIT($,.STERADIAN.) SOLID_ANGLE_UNIT() );
#2779 = UNCERTAINTY_MEASURE_WITH_UNIT(LENGTH_MEASURE(1.E-05),#2776,
  'distance_accuracy_value','confusion accuracy');
#2780 = CONTEXT_DEPENDENT_SHAPE_REPRESENTATION(#2781,#2783);
#2781 = ( REPRESENTATION_RELATIONSHIP('','',#1915,#10) 
REPRESENTATION_RELATIONSHIP_WITH_TRANSFORMATION(#2782) 
SHAPE_REPRESENTATION_RELATIONSHIP() );
#2782 = ITEM_DEFINED_TRANSFORMATION('','',#11,#23);
#2783 = PRODUCT_DEFINITION_SHAPE('Placement','Placement of an item',
  #2784);
#2784 = NEXT_ASSEMBLY_USAGE_OCCURRENCE('3','Lochscheibe','',#5,#1910,$);
#2785 = PRODUCT_RELATED_PRODUCT_CATEGORY('part',$,(#1912));
#2786 = MECHANICAL_DESIGN_GEOMETRIC_PRESENTATION_REPRESENTATION('',(
    #2787),#229);
#2787 = STYLED_ITEM('color',(#2788),#41);
#2788 = PRESENTATION_STYLE_ASSIGNMENT((#2789,#2795));
#2789 = SURFACE_STYLE_USAGE(.BOTH.,#2790);
#2790 = SURFACE_SIDE_STYLE('',(#2791));
#2791 = SURFACE_STYLE_FILL_AREA(#2792);
#2792 = FILL_AREA_STYLE('',(#2793));
#2793 = FILL_AREA_STYLE_COLOUR('',#2794);
#2794 = COLOUR_RGB('',0.800000010877,0.800000010877,0.901960800373);
#2795 = CURVE_STYLE('',#2796,POSITIVE_LENGTH_MEASURE(0.1),#2797);
#2796 = DRAUGHTING_PRE_DEFINED_CURVE_FONT('continuous');
#2797 = COLOUR_RGB('',9.803921802644E-02,9.803921802644E-02,
  9.803921802644E-02);
#2798 = MECHANICAL_DESIGN_GEOMETRIC_PRESENTATION_REPRESENTATION('',(
    #2799),#1897);
#2799 = STYLED_ITEM('color',(#2800),#248);
#2800 = PRESENTATION_STYLE_ASSIGNMENT((#2801,#2806));
#2801 = SURFACE_STYLE_USAGE(.BOTH.,#2802);
#2802 = SURFACE_SIDE_STYLE('',(#2803));
#2803 = SURFACE_STYLE_FILL_AREA(#2804);
#2804 = FILL_AREA_STYLE('',(#2805));
#2805 = FILL_AREA_STYLE_COLOUR('',#2794);
#2806 = CURVE_STYLE('',#2807,POSITIVE_LENGTH_MEASURE(0.1),#2797);
#2807 = DRAUGHTING_PRE_DEFINED_CURVE_FONT('continuous');
#2808 = MECHANICAL_DESIGN_GEOMETRIC_PRESENTATION_REPRESENTATION('',(
    #2809),#2775);
#2809 = STYLED_ITEM('color',(#2810),#1916);
#2810 = PRESENTATION_STYLE_ASSIGNMENT((#2811,#2816));
#2811 = SURFACE_STYLE_USAGE(.BOTH.,#2812);
#2812 = SURFACE_SIDE_STYLE('',(#2813));
#2813 = SURFACE_STYLE_FILL_AREA(#2814);
#2814 = FILL_AREA_STYLE('',(#2815));
#2815 = FILL_AREA_STYLE_COLOUR('',#2794);
#2816 = CURVE_STYLE('',#2817,POSITIVE_LENGTH_MEASURE(0.1),#2797);
#2817 = DRAUGHTING_PRE_DEFINED_CURVE_FONT('continuous');
ENDSEC;
END-ISO-10303-21;
